Rank,Youtuber,Subscribers,Video views,Category,Title,Uploads,Country,Abbreviation,Channel_type,Video_views_rank,Country_rank,Channel_type_rank,Video_views_for_the_last_30_days,Lowest_monthly_earnings,Highest_monthly_earnings,Lowest_yearly_earnings,Highest_yearly_earnings,Subscribers_for_last_30_days,Created_year,Created_month,Created_date,Gross tertiary education enrollment (%),Population,Unemployment rate,Urban_population,Latitude,Longitude,Average_yearly_earnings,Earnings_per_subscriber,View_to_sub_ratio,Channel_age,Age_group
1,T-Series,245000000,228000000000.0,Music,T-Series,20082,India,IN,Music,1.0,1.0,1.0,2258000000.0,564600.0,9000000.0,6800000.0,108400000.0,2000000.0,2006.0,Mar,13.0,28.1,1366417754.0,5.36,471031528.0,20.593684,78.96288,57600000.0,0.23510204081632652,930.6122448979592,20.0,15+ yrs
2,YouTube Movies,170000000,0.0,Film & Animation,youtubemovies,1,United States,US,Games,4055159.0,7670.0,7423.0,12.0,0.0,0.05,0.04,0.58,,2006.0,Mar,5.0,88.2,328239523.0,14.7,270663028.0,37.09024,-95.712891,0.31,1.823529411764706e-09,0.0,20.0,15+ yrs
3,MrBeast,166000000,28368841870.0,Entertainment,MrBeast,741,United States,US,Entertainment,48.0,1.0,1.0,1348000000.0,337000.0,5400000.0,4000000.0,64700000.0,8000000.0,2012.0,Feb,20.0,88.2,328239523.0,14.7,270663028.0,37.09024,-95.712891,34350000.0,0.2069277108433735,170.89663777108433,14.0,11-15 yrs
4,Cocomelon - Nursery Rhymes,162000000,164000000000.0,Education,Cocomelon - Nursery Rhymes,966,United States,US,Education,2.0,2.0,1.0,1975000000.0,493800.0,7900000.0,5900000.0,94800000.0,1000000.0,2006.0,Sep,1.0,88.2,328239523.0,14.7,270663028.0,37.09024,-95.712891,50350000.0,0.31080246913580245,1012.3456790123457,20.0,15+ yrs
5,SET India,159000000,148000000000.0,Shows,SET India,116536,India,IN,Entertainment,3.0,2.0,2.0,1824000000.0,455900.0,7300000.0,5500000.0,87500000.0,1000000.0,2006.0,Sep,20.0,28.1,1366417754.0,5.36,471031528.0,20.593684,78.96288,46500000.0,0.29245283018867924,930.8176100628931,20.0,15+ yrs
6,Music,119000000,0.0,,Music,0,,,Music,4057944.0,,,,0.0,0.0,0.0,0.0,,2013.0,Sep,24.0,,,,,,,0.0,0.0,0.0,13.0,11-15 yrs
7,ýýý Kids Diana Show,112000000,93247040539.0,People & Blogs,ýýý Kids Diana Show,1111,United States,US,Entertainment,5.0,3.0,3.0,731674000.0,182900.0,2900000.0,2200000.0,35100000.0,,2015.0,May,12.0,88.2,328239523.0,14.7,270663028.0,37.09024,-95.712891,18650000.0,0.16651785714285713,832.5628619553571,11.0,11-15 yrs
8,PewDiePie,111000000,29058044447.0,Gaming,PewDiePie,4716,Japan,JP,Entertainment,44.0,1.0,4.0,39184000.0,9800.0,156700.0,117600.0,1900000.0,,2010.0,Apr,29.0,63.2,126226568.0,2.29,115782416.0,36.204824,138.252924,1008800.0,0.009088288288288289,261.7841842072072,16.0,15+ yrs
9,Like Nastya,106000000,90479060027.0,People & Blogs,Like Nastya Vlog,493,Russia,RU,People,630.0,5.0,25.0,48947000.0,12200.0,195800.0,146800.0,2300000.0,100000.0,2016.0,Jan,14.0,81.9,144373535.0,4.59,107683889.0,61.52401,105.318756,1223400.0,0.011541509433962264,853.5760379905661,10.0,7-10 yrs
10,Vlad and Niki,98900000,77180169894.0,Entertainment,Vlad and Niki,574,United States,US,Entertainment,8.0,5.0,6.0,580574000.0,145100.0,2300000.0,1700000.0,27900000.0,600000.0,2018.0,Apr,23.0,88.2,328239523.0,14.7,270663028.0,37.09024,-95.712891,14800000.0,0.14964610717896865,780.3859443276036,8.0,7-10 yrs
11,Zee Music Company,96700000,57856289381.0,Music,Zee Music Company,8548,India,IN,Music,12.0,3.0,2.0,803613000.0,200900.0,3200000.0,2400000.0,38600000.0,1100000.0,2014.0,Mar,12.0,28.1,1366417754.0,5.36,471031528.0,20.593684,78.96288,20500000.0,0.21199586349534644,598.3070256566701,12.0,11-15 yrs
12,WWE,96000000,77428473662.0,Sports,WWE,70127,United States,US,Sports,7.0,6.0,1.0,714614000.0,178700.0,2900000.0,2100000.0,34300000.0,600000.0,2007.0,May,11.0,88.2,328239523.0,14.7,270663028.0,37.09024,-95.712891,18200000.0,0.18958333333333333,806.5466006458333,19.0,15+ yrs
13,Gaming,93600000,0.0,,Gaming,0,,,Games,4057944.0,,1.0,,0.0,0.0,0.0,0.0,,2013.0,Dec,15.0,,,,,,,0.0,0.0,0.0,13.0,11-15 yrs
14,BLACKPINK,89800000,32144597566.0,People & Blogs,BLACKPINK,543,South Korea,KR,Music,32.0,1.0,3.0,498930000.0,124700.0,2000000.0,1500000.0,23900000.0,700000.0,2016.0,Jun,29.0,94.3,51709098.0,4.15,42106719.0,35.907757,127.766922,12700000.0,0.14142538975501115,357.957656636971,10.0,7-10 yrs
15,Goldmines,86900000,24118230580.0,Film & Animation,goldmines,1,,,Music,4056562.0,,5663.0,18.0,0.0,0.07,0.05,0.86,,2006.0,Aug,15.0,,,,,,,0.455,5.23590333716916e-09,277.5400527042578,20.0,15+ yrs
16,Sony SAB,83000000,101000000000.0,Shows,Sony SAB,71270,India,IN,Entertainment,4.0,5.0,7.0,1657000000.0,414300.0,6600000.0,5000000.0,79600000.0,1100000.0,2007.0,Aug,4.0,28.1,1366417754.0,5.36,471031528.0,20.593684,78.96288,42300000.0,0.5096385542168674,1216.867469879518,19.0,15+ yrs
17,5-Minute Crafts,80100000,26236790209.0,Howto & Style,5-Minute Crafts 2.0,1,United Kingdom,GB,Entertainment,4057901.0,4797.0,6781.0,1.0,0.0,0.0,0.0,0.05,,2020.0,Jul,27.0,60.0,66834405.0,3.85,55908316.0,55.378051,-3.435973,0.025,3.1210986267166043e-10,327.5504395630462,6.0,4-6 yrs
18,BANGTANTV,75600000,20826993957.0,Music,BANGTANTV,2281,South Korea,KR,Music,112.0,2.0,4.0,168290000.0,42100.0,673200.0,504900.0,8100000.0,400000.0,2012.0,Dec,17.0,94.3,51709098.0,4.15,42106719.0,35.907757,127.766922,4302450.0,0.05691071428571429,275.48933805555555,14.0,11-15 yrs
19,Sports,75000000,0.0,,sports,3,United States,US,Entertainment,3898122.0,6266.0,5395.0,16.0,0.0,0.06,0.05,0.77,,2006.0,Jan,30.0,88.2,328239523.0,14.7,270663028.0,37.09024,-95.712891,0.41000000000000003,5.466666666666667e-09,0.0,20.0,15+ yrs
20,Justin Bieber,71600000,30608119724.0,Music,Justin Bieber,249,Canada,CA,Music,38.0,1.0,6.0,176326000.0,44100.0,705300.0,529000.0,8500000.0,100000.0,2007.0,Jan,15.0,68.9,36991981.0,5.56,30628482.0,56.130366,-106.346771,4514500.0,0.06305167597765363,427.4877056424581,19.0,15+ yrs
21,HYBE LABELS,71300000,28634566938.0,Music,HYBE LABELS,1337,South Korea,KR,Music,46.0,3.0,5.0,598173000.0,149500.0,2400000.0,1800000.0,28700000.0,900000.0,2008.0,Jun,4.0,94.3,51709098.0,4.15,42106719.0,35.907757,127.766922,15250000.0,0.2138849929873773,401.6068294249649,18.0,15+ yrs
22,Zee TV,70500000,73139054467.0,Entertainment,Zee TV,129204,India,IN,Entertainment,9.0,6.0,8.0,1707000000.0,426800.0,6800000.0,5100000.0,81900000.0,900000.0,2005.0,Dec,11.0,28.1,1366417754.0,5.36,471031528.0,20.593684,78.96288,43500000.0,0.6170212765957447,1037.4333966950355,21.0,15+ yrs
23,Pinkfong Baby Shark - Kids' Songs & Stories,68200000,38843229963.0,Education,Pinkfong Baby Shark - Kids' Songs & Stories,2865,United States,US,Education,23.0,8.0,2.0,473387000.0,118300.0,1900000.0,1400000.0,22700000.0,600000.0,2011.0,Dec,14.0,88.2,328239523.0,14.7,270663028.0,37.09024,-95.712891,12050000.0,0.17668621700879766,569.5488264369501,15.0,11-15 yrs
24,Canal KondZilla,66500000,36775585925.0,Music,Canal KondZilla,2572,Brazil,BR,Music,25.0,1.0,7.0,447223000.0,0.0,0.0,0.0,0.0,,2012.0,Mar,21.0,51.3,212559417.0,12.08,183241641.0,-14.235004,-51.92528,0.0,0.0,553.0163296992481,14.0,11-15 yrs
25,ChuChu TV Nursery Rhymes & Kids Songs,65900000,45757850229.0,Education,ChuChu TV Nursery Rhymes & Kids Songs,633,India,IN,Education,18.0,7.0,3.0,420292000.0,105100.0,1700000.0,1300000.0,20200000.0,500000.0,2013.0,Feb,9.0,28.1,1366417754.0,5.36,471031528.0,20.593684,78.96288,10750000.0,0.1631259484066768,694.3528107587254,13.0,11-15 yrs
26,Shemaroo Filmi Gaane,65600000,28648024439.0,Music,Shemaroo Filmi Gaane,8502,India,IN,Music,47.0,8.0,8.0,254961000.0,63700.0,1000000.0,764900.0,12200000.0,400000.0,2010.0,Jun,11.0,28.1,1366417754.0,5.36,471031528.0,20.593684,78.96288,6482450.0,0.09881783536585366,436.70768961890246,16.0,15+ yrs
27,Colors TV,64600000,61510906457.0,Shows,Colors TV,112915,India,IN,Entertainment,10.0,9.0,9.0,1188000000.0,296900.0,4800000.0,3600000.0,57000000.0,1100000.0,2008.0,Jun,13.0,28.1,1366417754.0,5.36,471031528.0,20.593684,78.96288,30300000.0,0.46904024767801855,952.181214504644,18.0,15+ yrs
28,T-Series Bhakti Sagar,61000000,29533230328.0,Music,T- SERIES BHAKTI SAGAR,13,India,IN,Music,4053938.0,5803.0,5744.0,10.0,0.0,0.04,0.03,0.48,,2018.0,Aug,3.0,28.1,1366417754.0,5.36,471031528.0,20.593684,78.96288,0.255,4.180327868852459e-09,484.151316852459,8.0,7-10 yrs
29,Dude Perfect,59500000,16241549158.0,Sports,Dude Perfect,389,United States,US,Sports,182.0,9.0,3.0,141200000.0,35300.0,564800.0,423600.0,6800000.0,100000.0,2009.0,Mar,17.0,88.2,328239523.0,14.7,270663028.0,37.09024,-95.712891,3611800.0,0.060702521008403364,272.9672127394958,17.0,15+ yrs
30,Movieclips,59500000,59316472754.0,Film & Animation,Movieclips,39113,United States,US,Film,11.0,9.0,3.0,114668000.0,28700.0,458700.0,344000.0,5500000.0,100000.0,2006.0,Apr,28.0,88.2,328239523.0,14.7,270663028.0,37.09024,-95.712891,2922000.0,0.049109243697478995,996.9155084705882,20.0,15+ yrs
31,Tips Official,59300000,33431802698.0,Music,Tips Official,4741,India,IN,Music,30.0,11.0,10.0,422634000.0,105700.0,1700000.0,1300000.0,20300000.0,600000.0,2007.0,May,22.0,28.1,1366417754.0,5.36,471031528.0,20.593684,78.96288,10800000.0,0.1821247892074199,563.774075851602,19.0,15+ yrs
32,El Reino Infantil,58400000,57271630846.0,Music,El Reino Infantil,1510,Argentina,AR,Music,13.0,1.0,11.0,611828000.0,153000.0,2400000.0,1800000.0,29400000.0,600000.0,2011.0,Jun,2.0,90.0,44938712.0,9.79,41339571.0,-38.416097,-63.616672,15600000.0,0.2671232876712329,980.6786103767123,15.0,11-15 yrs
33,Wave Music,58000000,40602020243.0,Music,Wave Music,19487,India,IN,Music,21.0,12.0,12.0,232025000.0,58000.0,928100.0,696100.0,11100000.0,500000.0,2014.0,Oct,29.0,28.1,1366417754.0,5.36,471031528.0,20.593684,78.96288,5898050.0,0.10169051724137931,700.034831775862,12.0,11-15 yrs
34,Aaj Tak,57600000,25307753534.0,News & Politics,Aaj Tak,283775,India,IN,News,71.0,13.0,1.0,461148000.0,115300.0,1800000.0,1400000.0,22100000.0,500000.0,2009.0,Aug,27.0,28.1,1366417754.0,5.36,471031528.0,20.593684,78.96288,11750000.0,0.20399305555555555,439.37072107638886,17.0,15+ yrs
35,Sony Music India,57200000,28837144516.0,Music,Sony Music India,3882,India,IN,Music,45.0,14.0,13.0,259310000.0,64800.0,1000000.0,777900.0,12400000.0,300000.0,2009.0,Sep,2.0,28.1,1366417754.0,5.36,471031528.0,20.593684,78.96288,6588950.0,0.11519143356643356,504.1458831468531,17.0,15+ yrs
36,EminemMusic,56900000,27073872856.0,Music,EminemMusic,156,United States,US,Music,59.0,10.0,14.0,260193000.0,65000.0,1000000.0,780600.0,12500000.0,300000.0,2007.0,Feb,9.0,88.2,328239523.0,14.7,270663028.0,37.09024,-95.712891,6640300.0,0.116701230228471,475.81498868189806,19.0,15+ yrs
37,Marshmello,56400000,14696003229.0,Entertainment,Marshmello,436,United States,US,Music,233.0,11.0,15.0,112100000.0,28000.0,448400.0,336300.0,5400000.0,100000.0,2015.0,Apr,6.0,88.2,328239523.0,14.7,270663028.0,37.09024,-95.712891,2868150.0,0.05085372340425532,260.5674331382979,11.0,11-15 yrs
38,YRF,54600000,35302243691.0,Film & Animation,YRF,3707,India,IN,Music,28.0,15.0,16.0,512093000.0,128000.0,2000000.0,1500000.0,24600000.0,500000.0,2006.0,Jun,7.0,28.1,1366417754.0,5.36,471031528.0,20.593684,78.96288,13050000.0,0.23901098901098902,646.5612397619047,20.0,15+ yrs
39,LooLoo Kids - Nursery Rhymes and Children's Songs,54000000,32312431239.0,Music,LooLoo Kids - Nursery Rhymes and Children's ï¿½,11,,,,3800129.0,,,159.0,0.04,0.64,0.48,8.0,,2016.0,Nov,29.0,,,,,,,4.24,7.851851851851853e-08,598.3783562777778,10.0,7-10 yrs
40,Ed Sheeran,53500000,30367676736.0,Music,Ed Sheeran,383,United Kingdom,GB,Music,39.0,1.0,18.0,202720000.0,50700.0,810900.0,608200.0,9700000.0,100000.0,2006.0,Aug,8.0,60.0,66834405.0,3.85,55908316.0,55.378051,-3.435973,5154100.0,0.09633831775700935,567.6201259065421,20.0,15+ yrs
41,Infobells - Hindi,53300000,30516172739.0,Education,Infobells - Hindi,577,India,IN,Education,37.0,16.0,4.0,815949000.0,204000.0,3300000.0,2400000.0,39200000.0,1600000.0,2014.0,Jun,6.0,28.1,1366417754.0,5.36,471031528.0,20.593684,78.96288,20800000.0,0.3902439024390244,572.536073902439,12.0,11-15 yrs
42,Taylor Swift,52900000,29884657286.0,Music,Taylor Swift,216,United States,US,Music,40.0,13.0,19.0,528392000.0,132100.0,2100000.0,1600000.0,25400000.0,800000.0,2006.0,Sep,20.0,88.2,328239523.0,14.7,270663028.0,37.09024,-95.712891,13500000.0,0.2551984877126654,564.9273589035917,20.0,15+ yrs
43,Ariana Grande,52700000,24004842608.0,Music,Ariana Grande,147,United States,US,Music,78.0,14.0,20.0,160216000.0,40100.0,640900.0,480600.0,7700000.0,100000.0,2007.0,Jan,22.0,88.2,328239523.0,14.7,270663028.0,37.09024,-95.712891,4090300.0,0.07761480075901328,455.49985973434536,19.0,15+ yrs
44,BillionSurpriseToys  - Nursery Rhymes & Cartoons,52200000,9877365274.0,Education,BillionSurpriseToys  - Nursery Rhymes & Cartï¿½,847,United States,US,Education,450.0,15.0,5.0,266747000.0,66700.0,1100000.0,800200.0,12800000.0,600000.0,2013.0,Oct,25.0,88.2,328239523.0,14.7,270663028.0,37.09024,-95.712891,6800100.0,0.13027011494252874,189.22155697318007,13.0,11-15 yrs
45,JuegaGerman,48100000,14631710289.0,Gaming,JuegaGerman,2052,Chile,CL,Games,237.0,1.0,2.0,66388000.0,16600.0,265600.0,199200.0,3200000.0,200000.0,2013.0,May,19.0,88.5,18952038.0,7.09,16610135.0,-35.675147,-71.542969,1699600.0,0.035334719334719336,304.1935611018711,13.0,11-15 yrs
46,Billie Eilish,47900000,13626331061.0,Music,Billie Eilish,65,United States,US,Music,263.0,16.0,21.0,146862000.0,36700.0,587400.0,440600.0,7000000.0,200000.0,2013.0,Feb,6.0,88.2,328239523.0,14.7,270663028.0,37.09024,-95.712891,3720300.0,0.07766805845511482,284.4745524217119,13.0,11-15 yrs
47,Get Movies,47500000,30788679536.0,Entertainment,Get Movies,3322,Russia,RU,Film,35.0,1.0,4.0,306540000.0,76600.0,1200000.0,919600.0,14700000.0,700000.0,2006.0,Dec,16.0,81.9,144373535.0,4.59,107683889.0,61.52401,105.318756,7809800.0,0.16441684210526317,648.1827270736842,20.0,15+ yrs
48,Shemaroo,47400000,22519705183.0,Entertainment,Shemaroo,11451,India,IN,Entertainment,97.0,17.0,10.0,232744000.0,58200.0,931000.0,698200.0,11200000.0,500000.0,2007.0,Sep,1.0,28.1,1366417754.0,5.36,471031528.0,20.593684,78.96288,5949100.0,0.1255084388185654,475.09926546413504,19.0,15+ yrs
49,Badabun,46800000,19398045702.0,Entertainment,badabun,1,,,Music,4047729.0,,5525.0,440.0,0.11,2.0,1.0,21.0,75.0,2007.0,Jul,21.0,,,,,,,11.0,2.3504273504273505e-07,414.48815602564105,19.0,15+ yrs
50,SonyMusicIndiaVEVO,46600000,27286058807.0,Music,SonyMusicIndiaVEVO,3444,United States,US,Music,55.0,17.0,22.0,314505000.0,78600.0,1300000.0,943500.0,15100000.0,400000.0,2009.0,Sep,2.0,88.2,328239523.0,14.7,270663028.0,37.09024,-95.712891,8021750.0,0.17214055793991417,585.537742639485,17.0,15+ yrs
51,A4,46300000,22936630813.0,Gaming,aefour,1,Cuba,CU,People,4053056.0,99.0,5359.0,94.0,0.02,0.38,0.28,5.0,10.0,2006.0,Mar,11.0,41.4,11333483.0,1.64,8739135.0,21.521757,-77.781167,2.64,5.701943844492441e-08,495.39159423326134,20.0,15+ yrs
52,Bad Bunny,46100000,30686342319.0,Music,badbunny,1,,,Sports,4046070.0,,4501.0,1.0,0.0,0.0,0.0,0.05,,2005.0,Nov,15.0,,,,,,,0.025,5.422993492407809e-10,665.6473388069414,21.0,15+ yrs
53,Fernanfloo,46100000,10323391593.0,Gaming,Fernanfloo,543,El Salvador,SV,Games,419.0,1.0,3.0,33842000.0,8500.0,135400.0,101500.0,1600000.0,200000.0,2011.0,May,2.0,29.4,6453553.0,4.11,4694702.0,13.794185,-88.89653,850750.0,0.018454446854663773,223.93474171366594,15.0,11-15 yrs
54,Voot Kids,45500000,21388725229.0,Entertainment,Voot Kids,4660,India,IN,Entertainment,105.0,18.0,13.0,233988000.0,58500.0,936000.0,702000.0,11200000.0,400000.0,2016.0,Nov,23.0,28.1,1366417754.0,5.36,471031528.0,20.593684,78.96288,5951000.0,0.13079120879120879,470.08187316483514,10.0,7-10 yrs
55,Felipe Neto,45200000,16602198273.0,Entertainment,Felipe Neto,4331,Brazil,BR,Entertainment,174.0,2.0,14.0,130359000.0,32600.0,521400.0,391100.0,6300000.0,200000.0,2006.0,May,16.0,51.3,212559417.0,12.08,183241641.0,-14.235004,-51.92528,3345550.0,0.07401659292035398,367.30527152654867,20.0,15+ yrs
56,Vocï¿½ï¿½ï¿½,44700000,7828610828.0,Entertainment,Vocï¿½ï¿½ï¿½,1558,Brazil,BR,Entertainment,681.0,3.0,15.0,48032000.0,12000.0,192100.0,144100.0,2300000.0,100000.0,2013.0,Sep,1.0,51.3,212559417.0,12.08,183241641.0,-14.235004,-51.92528,1222050.0,0.027338926174496646,175.13670756152126,13.0,11-15 yrs
57,HAR PAL GEO,44600000,41139050371.0,Entertainment,HAR PAL GEO,100755,Pakistan,PK,Entertainment,20.0,1.0,15.0,1337000000.0,334300.0,5300000.0,4000000.0,64200000.0,1300000.0,2008.0,Jan,2.0,9.0,216565318.0,4.45,79927762.0,30.375321,69.345116,34100000.0,0.7645739910313901,922.4002325336323,18.0,15+ yrs
58,BRIGHT SIDE,44500000,10708531817.0,Howto & Style,brightside,0,,,,4057944.0,,,,0.0,0.0,0.0,0.0,1.0,2005.0,Nov,18.0,,,,,,,0.0,0.0,240.6411644269663,21.0,15+ yrs
59,Katy Perry,44200000,25458952022.0,Music,Katy Perry,128,United States,US,Music,70.0,19.0,24.0,134242000.0,33600.0,537000.0,402700.0,6400000.0,100000.0,2008.0,Jun,1.0,88.2,328239523.0,14.7,270663028.0,37.09024,-95.712891,3401350.0,0.07695361990950227,575.994389638009,18.0,15+ yrs
60,whinderssonnunes,44200000,4274709210.0,Comedy,whinderssonnunes,558,Brazil,BR,Comedy,1741.0,4.0,1.0,26683000.0,6700.0,106700.0,80100.0,1300000.0,,2013.0,Jan,21.0,51.3,212559417.0,12.08,183241641.0,-14.235004,-51.92528,690050.0,0.015611990950226244,96.71287805429864,13.0,11-15 yrs
61,ABS-CBN Entertainment,44200000,50292540392.0,People & Blogs,ABS-CBN Entertainment,193890,Philippines,PH,Entertainment,16.0,1.0,16.0,176629000.0,44200.0,706500.0,529900.0,8500000.0,300000.0,2008.0,Jul,16.0,35.5,108116615.0,2.15,50975903.0,12.879721,121.774017,4514950.0,0.10214819004524887,1137.840280361991,18.0,15+ yrs
62,Alan Walker,43700000,12884264778.0,Music,alanwalker,8,Thailand,TH,Film,4056116.0,4026.0,5270.0,22.0,0.01,0.09,0.07,1.0,,2006.0,May,12.0,49.3,69625582.0,0.75,35294600.0,15.870032,100.992541,0.535,1.2242562929061785e-08,294.8344342791762,20.0,15+ yrs
63,HolaSoyGerman.,43600000,4831311245.0,Entertainment,holasoygerman. 2,6,,,People,4047806.0,,7716.0,4.0,0.0,0.02,0.01,0.19,,2016.0,May,27.0,,,,,,,0.1,2.2935779816513763e-09,110.80989094036697,10.0,7-10 yrs
64,Shakira,43500000,27568757295.0,People & Blogs,Shakira,326,Colombia,CO,Howto,52.0,1.0,3.0,353412000.0,88400.0,1400000.0,1100000.0,17000000.0,500000.0,2005.0,Oct,16.0,55.3,50339443.0,9.71,40827302.0,4.570868,-74.297333,9050000.0,0.20804597701149424,633.7645355172414,21.0,15+ yrs
65,ýýýýýýýý ýý ýýýýýýýýýýýýýý,43200000,36458726976.0,Film & Animation,ýýýýýýýý ýý ýýýýýýýýýýýýýý,1478,Russia,RU,Education,26.0,2.0,6.0,303780000.0,75900.0,1200000.0,911300.0,14600000.0,300000.0,2011.0,May,31.0,81.9,144373535.0,4.59,107683889.0,61.52401,105.318756,7755650.0,0.17952893518518517,843.9520133333333,15.0,11-15 yrs
66,ARY Digital HD,43200000,37939780685.0,Entertainment,ARY Digital HD,109871,Pakistan,PK,Entertainment,24.0,2.0,18.0,1149000000.0,287300.0,4600000.0,3400000.0,55200000.0,900000.0,2016.0,Jul,11.0,9.0,216565318.0,4.45,79927762.0,30.375321,69.345116,29300000.0,0.6782407407407407,878.2356640046296,10.0,7-10 yrs
67,Speed Records,42500000,26820902622.0,Music,Speed Records,10938,India,IN,Music,62.0,19.0,26.0,159757000.0,39900.0,639000.0,479300.0,7700000.0,100000.0,2012.0,Nov,22.0,28.1,1366417754.0,5.36,471031528.0,20.593684,78.96288,4089650.0,0.09622705882352942,631.0800616941176,14.0,11-15 yrs
68,Masha and The Bear,42400000,24519022988.0,Shows,Masha and The Bear,1218,United States,US,Film,74.0,20.0,5.0,670459000.0,167600.0,2700000.0,2000000.0,32200000.0,1000000.0,2014.0,Sep,17.0,88.2,328239523.0,14.7,270663028.0,37.09024,-95.712891,17100000.0,0.4033018867924528,578.2788440566038,12.0,11-15 yrs
69,Like Nastya Show,42400000,19547696190.0,Entertainment,Like Nastya Show,618,United States,US,Entertainment,128.0,21.0,19.0,53202000.0,13300.0,212800.0,159600.0,2600000.0,,2017.0,Nov,14.0,88.2,328239523.0,14.7,270663028.0,37.09024,-95.712891,1379800.0,0.03254245283018868,461.03057051886793,9.0,7-10 yrs
70,Rihanna,41900000,22477745835.0,Entertainment,Rihanna,84,Barbados,BB,Music,98.0,1.0,27.0,182926000.0,45700.0,731700.0,548800.0,8800000.0,100000.0,2005.0,Nov,6.0,65.4,287025.0,10.33,89431.0,13.193887,-59.543198,4674400.0,0.11156085918854415,536.4617144391408,21.0,15+ yrs
71,Ishtar Music,41400000,17608931161.0,Trailers,Ishtar Music,4510,India,IN,Music,155.0,20.0,28.0,180942000.0,45200.0,723800.0,542800.0,8700000.0,400000.0,2005.0,Sep,22.0,28.1,1366417754.0,5.36,471031528.0,20.593684,78.96288,4621400.0,0.1116280193236715,425.33650147342996,21.0,15+ yrs
72,Kimberly Loaiza,41300000,5603111948.0,People & Blogs,Kimberly Loaiza,291,Mexico,MX,People,1157.0,2.0,1.0,136745000.0,34200.0,547000.0,410200.0,6600000.0,400000.0,2016.0,Nov,16.0,40.2,126014024.0,3.42,102626859.0,23.634501,-102.552784,3505100.0,0.08486924939467312,135.66857016949152,10.0,7-10 yrs
73,Little Baby Bum - Nursery Rhymes & Kids Songs,40900000,39450824833.0,Education,Little Baby Bum - Nursery Rhymes & Kids Songs,2423,United States,US,Education,22.0,22.0,7.0,98775000.0,24700.0,395100.0,296300.0,4700000.0,100000.0,2011.0,Jun,22.0,88.2,328239523.0,14.7,270663028.0,37.09024,-95.712891,2498150.0,0.06107946210268949,964.5678443276283,15.0,11-15 yrs
74,Luisito Comunica,40600000,8670473639.0,Comedy,Luis Arturo Villar Sudek,0,Mexico,MX,Comedy,3612215.0,3021.0,,,0.0,0.0,0.0,0.0,,2010.0,Jun,18.0,40.2,126014024.0,3.42,102626859.0,23.634501,-102.552784,0.0,0.0,213.55846401477834,16.0,15+ yrs
75,elrubiusOMG,40400000,7410536668.0,Gaming,elrubiusOMG,703,,,Entertainment,756.0,,21.0,5773000.0,1400.0,23100.0,17300.0,277100.0,,2011.0,Dec,20.0,,,,,,,147200.0,0.0036435643564356438,183.42912544554454,15.0,11-15 yrs
76,Toys and Colors,40300000,47005053156.0,Entertainment,Toys and colors,4,,,People,3989650.0,,7330.0,5.0,0.0,0.02,0.02,0.24,,2018.0,Jun,14.0,,,,,,,0.13,3.2258064516129035e-09,1166.3784902233251,8.0,7-10 yrs
77,shfa2 - ï¿½ï¿½,39700000,23884824160.0,People & Blogs,shfa2 - ï¿½ï¿½,1596,United Arab Emirates,AE,People,81.0,1.0,2.0,247731000.0,61900.0,990900.0,743200.0,11900000.0,300000.0,2017.0,Nov,6.0,36.8,9770529.0,2.35,8479744.0,23.424076,53.847818,6321600.0,0.15923425692695214,601.6328503778337,9.0,7-10 yrs
78,LUCCAS NETO - LUCCAS TOON,39400000,22302547082.0,People & Blogs,LUCCAS NETO- LUCCAS TOON,1,,,Games,4057895.0,,7498.0,2.0,0.0,0.01,0.01,0.1,,2021.0,Mar,25.0,,,,,,,0.055,1.3959390862944163e-09,566.054494467005,5.0,4-6 yrs
79,CarryMinati,39200000,3294013141.0,Comedy,CarryMinati,186,India,IN,Comedy,2487.0,21.0,2.0,78688000.0,19700.0,314800.0,236100.0,3800000.0,700000.0,2014.0,Oct,30.0,28.1,1366417754.0,5.36,471031528.0,20.593684,78.96288,2018050.0,0.051480867346938776,84.03094747448979,12.0,11-15 yrs
80,XXXTENTACION,39200000,10507474316.0,Music,XXXTENTACION,133,United States,US,Music,403.0,24.0,29.0,58362000.0,14600.0,233400.0,175100.0,2800000.0,100000.0,2015.0,Jun,23.0,88.2,328239523.0,14.7,270663028.0,37.09024,-95.712891,1487550.0,0.03794770408163265,268.0478141836735,11.0,11-15 yrs
81,Super Simple Songs - Kids Songs,39200000,44900897958.0,Education,Super Simple Songs - Kids Songs,744,Canada,CA,Education,19.0,2.0,8.0,560756000.0,140200.0,2200000.0,1700000.0,26900000.0,400000.0,2006.0,Sep,8.0,68.9,36991981.0,5.56,30628482.0,56.130366,-106.346771,14300000.0,0.3647959183673469,1145.4310703571427,20.0,15+ yrs
82,Mikecrack,39100000,16118181673.0,Gaming,Mikecrack,1876,Spain,ES,Games,188.0,1.0,4.0,264108000.0,66000.0,1100000.0,792300.0,12700000.0,800000.0,2015.0,Jul,13.0,88.9,47076781.0,13.96,37927409.0,40.463667,-3.74922,6746150.0,0.17253580562659845,412.22971030690536,11.0,11-15 yrs
83,WorkpointOfficial,39000000,36131228583.0,Entertainment,WorkpointOfficial,72580,Thailand,TH,Entertainment,27.0,1.0,24.0,130461000.0,32600.0,521800.0,391400.0,6300000.0,200000.0,2012.0,Nov,5.0,49.3,69625582.0,0.75,35294600.0,15.870032,100.992541,3345700.0,0.08578717948717948,926.4417585384615,14.0,11-15 yrs
84,GR6 EXPLODE,38900000,25154232306.0,Music,GR6 EXPLODE,3043,Brazil,BR,Music,73.0,6.0,30.0,1635000000.0,408700.0,6500000.0,4900000.0,78500000.0,100000.0,2014.0,Aug,5.0,51.3,212559417.0,12.08,183241641.0,-14.235004,-51.92528,41700000.0,1.0719794344473008,646.6383626221079,12.0,11-15 yrs
85,TEDx Talks,38600000,7339333120.0,Nonprofits & Activism,TEDx Talks,200933,United States,US,Nonprofit,768.0,25.0,1.0,45638000.0,11400.0,182600.0,136900.0,2200000.0,100000.0,2009.0,Jun,23.0,88.2,328239523.0,14.7,270663028.0,37.09024,-95.712891,1168450.0,0.030270725388601035,190.13816373056994,17.0,15+ yrs
86,shfa,38400000,21528116909.0,People & Blogs,ýýýýýýýýýý ýýýýýý,982,Saudi Arabia,SA,Games,150882.0,774.0,1454.0,1589000.0,397.0,6400.0,4800.0,76300.0,2000.0,2018.0,May,24.0,68.0,34268528.0,5.93,28807838.0,23.885942,45.079162,40550.0,0.0010559895833333333,560.6280445052083,8.0,7-10 yrs
87,Goldmines Gaane Sune Ansune,38300000,16718192386.0,Music,Goldmines Gaane Sune Ansune,3532,India,IN,Music,170.0,22.0,31.0,814756000.0,203700.0,3300000.0,2400000.0,39100000.0,400000.0,2015.0,Aug,24.0,28.1,1366417754.0,5.36,471031528.0,20.593684,78.96288,20750000.0,0.54177545691906,436.506328616188,11.0,11-15 yrs
88,One Direction,38200000,13598903820.0,Music,21 Savage,11,United States,US,Music,539848.0,2904.0,2594.0,6348.0,2.0,25.0,19.0,305.0,100.0,2016.0,Jun,26.0,88.2,328239523.0,14.7,270663028.0,37.09024,-95.712891,162.0,4.240837696335078e-06,355.99224659685865,10.0,7-10 yrs
89,TheEllenShow,38200000,22756581750.0,Entertainment,TheEllenShow,15672,United States,US,Entertainment,93.0,26.0,26.0,21804000.0,5500.0,87200.0,65400.0,1000000.0,,2006.0,Nov,21.0,88.2,328239523.0,14.7,270663028.0,37.09024,-95.712891,532700.0,0.013945026178010472,595.7220353403142,20.0,15+ yrs
90,Sony PAL,38200000,28519339489.0,Shows,Sony PAL,24089,India,IN,Entertainment,49.0,23.0,25.0,415914000.0,104000.0,1700000.0,1200000.0,20000000.0,500000.0,2014.0,May,9.0,28.1,1366417754.0,5.36,471031528.0,20.593684,78.96288,10600000.0,0.2774869109947644,746.5795677748691,12.0,11-15 yrs
91,Daddy Yankee,38000000,22731415608.0,Music,Daddy Yankee,505,United States,US,Music,92.0,27.0,33.0,205594000.0,51400.0,822400.0,616800.0,9900000.0,100000.0,2011.0,May,16.0,88.2,328239523.0,14.7,270663028.0,37.09024,-95.712891,5258400.0,0.13837894736842105,598.1951475789474,15.0,11-15 yrs
92,Vlad vï¿½ï¿½ï,37900000,23510152352.0,,Vlad vï¿½ï¿½ï,515,United States,US,Entertainment,84.0,28.0,27.0,244093000.0,61000.0,976400.0,732300.0,11700000.0,200000.0,2018.0,Jul,20.0,88.2,328239523.0,14.7,270663028.0,37.09024,-95.712891,6216150.0,0.16401451187335092,620.3206425329815,8.0,7-10 yrs
93,Like Nastya ESP,37600000,18208196857.0,Entertainment,Like Nastya ESP,743,United States,US,Entertainment,145.0,29.0,28.0,321026000.0,80300.0,1300000.0,963100.0,15400000.0,700000.0,2017.0,Apr,22.0,88.2,328239523.0,14.7,270663028.0,37.09024,-95.712891,8181550.0,0.21759441489361703,484.26055470744683,9.0,7-10 yrs
94,ýýýýýýýýýýýý one31,37500000,27262462114.0,Entertainment,ýýýýýýýýýýýý one31,117152,Thailand,TH,Entertainment,56.0,2.0,29.0,140754000.0,35200.0,563000.0,422300.0,6800000.0,300000.0,2013.0,Jan,10.0,49.3,69625582.0,0.75,35294600.0,15.870032,100.992541,3611150.0,0.09629733333333333,726.9989897066666,13.0,11-15 yrs
95,Jkk Entertainment,37200000,16402066717.0,Comedy,Jkk Entertainment,220,India,IN,Comedy,178.0,24.0,3.0,49861000.0,12500.0,199400.0,149600.0,2400000.0,100000.0,2017.0,Mar,20.0,28.1,1366417754.0,5.36,471031528.0,20.593684,78.96288,1274800.0,0.034268817204301076,440.91577196236557,9.0,7-10 yrs
96,ABP NEWS,37000000,13102611515.0,People & Blogs,ABP NEWS,301308,India,IN,News,280.0,25.0,2.0,267060000.0,66800.0,1100000.0,801200.0,12800000.0,400000.0,2012.0,Jun,1.0,28.1,1366417754.0,5.36,471031528.0,20.593684,78.96288,6800600.0,0.1838,354.12463554054057,14.0,11-15 yrs
97,Maria Clara & JP,37000000,24188861917.0,People & Blogs,Maria Clara & JP,744,Brazil,BR,Entertainment,75.0,7.0,30.0,251449000.0,62900.0,1000000.0,754300.0,12100000.0,300000.0,2015.0,Sep,6.0,51.3,212559417.0,12.08,183241641.0,-14.235004,-51.92528,6427150.0,0.17370675675675676,653.7530247837838,11.0,11-15 yrs
98,Bruno Mars,36700000,19378155425.0,Music,Bruno Mars,99,United States,US,Music,134.0,30.0,34.0,175243000.0,43800.0,701000.0,525700.0,8400000.0,200000.0,2006.0,Sep,19.0,88.2,328239523.0,14.7,270663028.0,37.09024,-95.712891,4462850.0,0.12160354223433242,528.0151341961853,20.0,15+ yrs
99,Maroon 5,36600000,22553923546.0,Music,Maroon 5,171,United States,US,Music,96.0,31.0,35.0,152825000.0,38200.0,611300.0,458500.0,7300000.0,,2006.0,Mar,9.0,88.2,328239523.0,14.7,270663028.0,37.09024,-95.712891,3879250.0,0.10599043715846995,616.2274192896175,20.0,15+ yrs
100,Ultra Bollywood,36600000,15653786446.0,Trailers,Ultra Bollywood,9168,India,IN,Entertainment,205.0,26.0,31.0,131462000.0,0.0,0.0,0.0,0.0,200000.0,2009.0,Oct,21.0,28.1,1366417754.0,5.36,471031528.0,20.593684,78.96288,0.0,0.0,427.6990832240437,17.0,15+ yrs
101,PowerKids TV,36500000,18961241905.0,Film & Animation,PowerKids TV,5621,,,Film,139.0,1.0,6.0,318702000.0,79700.0,1300000.0,956100.0,15300000.0,600000.0,2014.0,Aug,6.0,,,,,,,8128050.0,0.222686301369863,519.4860795890411,12.0,11-15 yrs
102,YouTube,36300000,3010784935.0,News & Politics,YouTube,744,United States,US,Entertainment,2860.0,32.0,5.0,21103000.0,5300.0,84400.0,63300.0,1000000.0,300000.0,1970.0,Jan,1.0,88.2,328239523.0,14.7,270663028.0,37.09024,-95.712891,531650.0,0.014646005509641874,82.94173374655648,56.0,15+ yrs
103,News,36300000,0.0,,News,0,,,,4057944.0,,,,0.0,0.0,0.0,0.0,,2013.0,Sep,9.0,,,,,,,0.0,0.0,0.0,13.0,11-15 yrs
104,Ozuna,36200000,23355801606.0,Music,Ozuna,196,,,Music,87.0,2.0,36.0,169242000.0,42300.0,677000.0,507700.0,8100000.0,100000.0,2016.0,Mar,24.0,,,,,,,4303850.0,0.11889088397790055,645.1878896685083,10.0,7-10 yrs
105,MrBeast Gaming,36100000,6331332547.0,Gaming,MrBeastGaming,5,,,Comedy,4057305.0,,4880.0,32.0,0.01,0.13,0.1,2.0,1.0,2011.0,Feb,26.0,,,,,,,1.05,2.9085872576177287e-08,175.38317304709142,15.0,11-15 yrs
106,La Granja de Zenï¿½,35700000,27118354077.0,Music,La Granja de Zenï¿½,654,Argentina,AR,Music,58.0,2.0,37.0,302071000.0,75500.0,1200000.0,906200.0,14500000.0,400000.0,2013.0,Jun,6.0,90.0,44938712.0,9.79,41339571.0,-38.416097,-63.616672,7703100.0,0.21577310924369747,759.6177612605042,13.0,11-15 yrs
107,Saregama Music,35500000,15657673422.0,Entertainment,Saregama Music,7566,India,IN,Music,199.0,27.0,38.0,533793000.0,133400.0,2100000.0,1600000.0,25600000.0,900000.0,2013.0,Jan,4.0,28.1,1366417754.0,5.36,471031528.0,20.593684,78.96288,13600000.0,0.38309859154929576,441.06122315492956,13.0,11-15 yrs
108,IndiaTV,35500000,16105023749.0,News & Politics,IndiaTV,273255,India,IN,News,185.0,27.0,3.0,290847000.0,72700.0,1200000.0,872500.0,14000000.0,600000.0,2006.0,Aug,26.0,28.1,1366417754.0,5.36,471031528.0,20.593684,78.96288,7436250.0,0.20947183098591549,453.6626408169014,20.0,15+ yrs
109,T-Series Bollywood Classics,35400000,22637783517.0,Music,T-Series Bollywood Classics,2010,India,IN,Music,94.0,28.0,39.0,331474000.0,82900.0,1300000.0,994400.0,15900000.0,500000.0,2012.0,Apr,2.0,28.1,1366417754.0,5.36,471031528.0,20.593684,78.96288,8447200.0,0.23862146892655367,639.4854100847458,14.0,11-15 yrs
110,Total Gaming,35400000,5556364230.0,Gaming,totalgaming,1,,,Autos,4056447.0,,3902.0,53.0,0.01,0.21,0.16,3.0,2.0,2006.0,Jul,15.0,,,,,,,1.58,4.463276836158192e-08,156.95944152542373,20.0,15+ yrs
111,Markiplier,35200000,20297931219.0,Gaming,Markiplier,5490,United States,US,Games,119.0,34.0,8.0,127329000.0,31800.0,509300.0,382000.0,6100000.0,100000.0,2012.0,May,26.0,88.2,328239523.0,14.7,270663028.0,37.09024,-95.712891,3241000.0,0.09207386363636363,576.6457732670455,14.0,11-15 yrs
112,Ryan's World,35200000,55299840198.0,Entertainment,Ryan's World,2453,United States,US,Entertainment,15.0,35.0,32.0,238613000.0,59700.0,954500.0,715800.0,11500000.0,200000.0,2015.0,Mar,17.0,88.2,328239523.0,14.7,270663028.0,37.09024,-95.712891,6107900.0,0.17351988636363636,1571.018187443182,11.0,11-15 yrs
113,Genevieve's Playhouse - Learning Videos for Kids,34900000,25607397308.0,Education,Genevieve's Playhouse - Learning Videos for ï¿½,617,United States,US,Film,69.0,36.0,7.0,335307000.0,83800.0,1300000.0,1000000.0,16100000.0,300000.0,2016.0,Jan,6.0,88.2,328239523.0,14.7,270663028.0,37.09024,-95.712891,8550000.0,0.24498567335243554,733.7363125501432,10.0,7-10 yrs
114,T-Series Apna Punjab,34600000,21306315429.0,Music,T- Series Apna Punjab,0,,,News,4057944.0,,4653.0,,0.0,0.0,0.0,0.0,,2020.0,Jul,9.0,,,,,,,0.0,0.0,615.789463265896,6.0,4-6 yrs
115,Techno Gamerz,34400000,9690499664.0,Gaming,TechnoGamerz,1,,,Games,4057311.0,,7489.0,86.0,0.02,0.34,0.26,4.0,3.0,2010.0,May,19.0,,,,,,,2.13,6.191860465116279e-08,281.700571627907,16.0,15+ yrs
116,Geet MP3,34300000,12746535822.0,Music,Geet MP3,679,India,IN,Music,299.0,31.0,41.0,101357000.0,25300.0,405400.0,304100.0,4900000.0,100000.0,2016.0,Oct,22.0,28.1,1366417754.0,5.36,471031528.0,20.593684,78.96288,2602050.0,0.07586151603498542,371.6191201749271,10.0,7-10 yrs
117,J Balvin,34100000,23005313609.0,Music,J Balvin,141,Colombia,CO,Music,89.0,2.0,42.0,128696000.0,32200.0,514800.0,386100.0,6200000.0,100000.0,2011.0,Feb,18.0,55.3,50339443.0,9.71,40827302.0,4.570868,-74.297333,3293050.0,0.09657038123167155,674.642627829912,15.0,11-15 yrs
118,Jess No Limit,34000000,3963007415.0,Entertainment,Jess No Limit,2284,Indonesia,ID,Entertainment,1882.0,1.0,33.0,547141000.0,136800.0,2200000.0,1600000.0,26300000.0,5500000.0,2017.0,Sep,7.0,36.3,270203917.0,4.69,151509724.0,-0.789275,113.921327,13950000.0,0.4102941176470588,116.55904161764705,9.0,7-10 yrs
119,Jingle Toons,34000000,11351015824.0,Film & Animation,Jingle Toons,240,India,IN,Film,360.0,32.0,8.0,179903000.0,45000.0,719600.0,539700.0,8600000.0,600000.0,2013.0,Jan,24.0,28.1,1366417754.0,5.36,471031528.0,20.593684,78.96288,4569850.0,0.13440735294117648,333.8534065882353,13.0,11-15 yrs
120,VEGETTA777,33800000,15432929204.0,Gaming,VEGETTA777,7606,Spain,ES,Games,211.0,2.0,10.0,39094000.0,9800.0,156400.0,117300.0,1900000.0,,2008.0,Mar,2.0,88.9,47076781.0,13.96,37927409.0,40.463667,-3.74922,1008650.0,0.02984171597633136,456.59553857988163,18.0,15+ yrs
121,Galinha Pintadinha,33800000,27274550757.0,Film & Animation,Galinha Pintadinha,66,Brazil,BR,Film,54.0,8.0,9.0,403508000.0,100900.0,1600000.0,1200000.0,19400000.0,200000.0,2006.0,Aug,30.0,51.3,212559417.0,12.08,183241641.0,-14.235004,-51.92528,10300000.0,0.3047337278106509,806.9393715088758,20.0,15+ yrs
122,SSSniperWolf,33700000,23492684419.0,Gaming,SSSniperWolf,3366,United States,US,Entertainment,83.0,37.0,35.0,210955000.0,52700.0,843800.0,632900.0,10100000.0,200000.0,2013.0,Jan,20.0,88.2,328239523.0,14.7,270663028.0,37.09024,-95.712891,5366450.0,0.15924183976261128,697.1122972997033,13.0,11-15 yrs
123,Desi Music Factory,33700000,10189027455.0,Music,Desi music factory,2,,,Music,4057699.0,,5775.0,,0.0,0.0,0.0,0.0,,2018.0,Apr,10.0,,,,,,,0.0,0.0,302.34502833827895,8.0,7-10 yrs
124,Selena Gomez,33600000,13013567335.0,Film & Animation,Selena Gomez,188,United States,US,Music,288.0,38.0,43.0,115792000.0,28900.0,463200.0,347400.0,5600000.0,200000.0,2008.0,Feb,8.0,88.2,328239523.0,14.7,270663028.0,37.09024,-95.712891,2973700.0,0.08850297619047619,387.3085516369048,18.0,15+ yrs
125,Rajshri,33500000,14864294792.0,Music,Rajshri,3741,India,IN,Entertainment,222.0,34.0,36.0,272255000.0,68100.0,1100000.0,816800.0,13100000.0,500000.0,2006.0,Mar,24.0,28.1,1366417754.0,5.36,471031528.0,20.593684,78.96288,6958400.0,0.2077134328358209,443.71029229850745,20.0,15+ yrs
126,Ch3Thailand,33500000,29611914495.0,Entertainment,Ch3Thailand,96214,Thailand,TH,Entertainment,41.0,3.0,37.0,61307000.0,0.0,0.0,0.0,0.0,100000.0,2014.0,May,29.0,49.3,69625582.0,0.75,35294600.0,15.870032,100.992541,0.0,0.0,883.937746119403,12.0,11-15 yrs
127,KHANDESHI MOVIES,33500000,11405809704.0,Comedy,KHANDESHI MOVIES,217,India,IN,Comedy,357.0,35.0,4.0,24736000.0,6200.0,98900.0,74200.0,1200000.0,100000.0,2013.0,Nov,11.0,28.1,1366417754.0,5.36,471031528.0,20.593684,78.96288,637100.0,0.019017910447761195,340.47193146268654,13.0,11-15 yrs
128,NoCopyrightSounds,33400000,10530729078.0,Music,NoCopyrightSounds,1331,United Kingdom,GB,Music,402.0,3.0,44.0,55654000.0,13900.0,222600.0,167000.0,2700000.0,,2011.0,Aug,14.0,60.0,66834405.0,3.85,55908316.0,55.378051,-3.435973,1433500.0,0.04291916167664671,315.29128976047906,15.0,11-15 yrs
129,CVS 3D Rhymes & Kids Songs,33400000,20269857567.0,Education,CVS 3D Rhymes & Kids Songs,338,India,IN,Education,120.0,35.0,9.0,136084000.0,34000.0,544300.0,408300.0,6500000.0,200000.0,2008.0,Aug,26.0,28.1,1366417754.0,5.36,471031528.0,20.593684,78.96288,3454150.0,0.10341766467065869,606.8819630838324,18.0,15+ yrs
130,Ricis Official,33300000,5994136760.0,People & Blogs,Ricis Official,2736,Indonesia,ID,Entertainment,1043.0,2.0,34.0,157101000.0,39300.0,628400.0,471300.0,7500000.0,1900000.0,2016.0,Jan,15.0,36.3,270203917.0,4.69,151509724.0,-0.789275,113.921327,3985650.0,0.1196891891891892,180.0041069069069,10.0,7-10 yrs
131,BabyBus - Kids Songs and Cartoons,32800000,26355088167.0,Education,BabyBus - Kids Songs and Cartoons,2122,United States,US,Education,64.0,39.0,10.0,127498000.0,31900.0,510000.0,382500.0,6100000.0,200000.0,2016.0,Jul,15.0,88.2,328239523.0,14.7,270663028.0,37.09024,-95.712891,3241250.0,0.09881859756097561,803.5087855792683,10.0,7-10 yrs
132,Eros Now Music,32700000,17853798780.0,Entertainment,Mzaalo,1521,India,IN,Entertainment,8055.0,730.0,838.0,20263000.0,5100.0,81100.0,60800.0,972600.0,40000.0,2012.0,Mar,14.0,28.1,1366417754.0,5.36,471031528.0,20.593684,78.96288,516700.0,0.015801223241590213,545.9877302752294,14.0,11-15 yrs
133,BETER Bï¿½ï¿½,32700000,19180039918.0,,BETER Bï¿½ï¿½,2738,Turkey,TR,Games,137.0,1.0,11.0,1463000000.0,365900.0,5900000.0,4400000.0,70200000.0,2100000.0,2012.0,Dec,12.0,23.9,83429615.0,13.49,63097818.0,38.963745,35.243322,37300000.0,1.1406727828746177,586.5455632415902,14.0,11-15 yrs
134,DisneyMusicVEVO,32700000,28516250629.0,Music,DisneyMusicVEVO,2068,United States,US,Music,50.0,40.0,45.0,329861000.0,82500.0,1300000.0,989600.0,15800000.0,300000.0,2010.0,May,20.0,88.2,328239523.0,14.7,270663028.0,37.09024,-95.712891,8394800.0,0.2567217125382263,872.0565941590214,16.0,15+ yrs
135,The Weeknd,32600000,23379969006.0,Music,The Weeknd,169,Canada,CA,Music,85.0,3.0,45.0,373828000.0,93500.0,1500000.0,1100000.0,17900000.0,200000.0,2011.0,Feb,25.0,68.9,36991981.0,5.56,30628482.0,56.130366,-106.346771,9500000.0,0.29141104294478526,717.1769633742331,15.0,11-15 yrs
136,WowKidz,32200000,16613441479.0,Film & Animation,wowkidz,2,,,Entertainment,4053139.0,,6723.0,1.0,0.0,0.0,0.0,0.05,,2006.0,Dec,16.0,,,,,,,0.025,7.763975155279503e-10,515.9453875465839,20.0,15+ yrs
137,KAROL G,32100000,18699145555.0,Music,KAROL G,134,Colombia,CO,Music,140.0,3.0,46.0,465647000.0,116400.0,1900000.0,1400000.0,22400000.0,300000.0,2013.0,Mar,14.0,55.3,50339443.0,9.71,40827302.0,4.570868,-74.297333,11900000.0,0.3707165109034268,582.5278989096573,13.0,11-15 yrs
138,Mr Bean,32100000,10602236110.0,Shows,Mr Bean,3091,United Kingdom,GB,Comedy,400.0,4.0,5.0,56534000.0,14100.0,226100.0,169600.0,2700000.0,100000.0,2006.0,Jan,4.0,60.0,66834405.0,3.85,55908316.0,55.378051,-3.435973,1434800.0,0.04469781931464174,330.2877292834891,20.0,15+ yrs
139,rezendeevil,32100000,13061739758.0,Gaming,rezendeevil,11882,Brazil,BR,Entertainment,287.0,9.0,40.0,44505000.0,11100.0,178000.0,133500.0,2100000.0,,2012.0,Feb,12.0,51.3,212559417.0,12.08,183241641.0,-14.235004,-51.92528,1116750.0,0.034789719626168225,406.907780623053,14.0,11-15 yrs
140,StarPlus,32000000,26800674545.0,Entertainment,StarPlus,44892,India,IN,Entertainment,60.0,38.0,40.0,1667000000.0,416800.0,6700000.0,5000000.0,80000000.0,1200000.0,2006.0,May,19.0,28.1,1366417754.0,5.36,471031528.0,20.593684,78.96288,42500000.0,1.328125,837.52107953125,20.0,15+ yrs
141,SMTOWN,31900000,27330239663.0,Music,SMTOWN,4158,,,Music,53.0,,47.0,233402000.0,58400.0,933600.0,700200.0,11200000.0,100000.0,2006.0,Mar,18.0,,,,,,,5950100.0,0.18652351097178682,856.7473248589341,20.0,15+ yrs
142,GMA  Network,31900000,19428308461.0,Entertainment,GMA  Network,93311,Philippines,PH,Entertainment,129.0,2.0,41.0,798510000.0,199600.0,3200000.0,2400000.0,38300000.0,500000.0,2006.0,Nov,20.0,35.5,108116615.0,2.15,50975903.0,12.879721,121.774017,20350000.0,0.6379310344827587,609.0378827899686,20.0,15+ yrs
143,GENIAL,31800000,6762424690.0,Howto & Style,GENIAL,6734,Mexico,MX,Howto,884.0,4.0,4.0,31455000.0,7900.0,125800.0,94400.0,1500000.0,,2017.0,Jun,1.0,40.2,126014024.0,3.42,102626859.0,23.634501,-102.552784,797200.0,0.025069182389937106,212.6548644654088,9.0,7-10 yrs
144,MR. INDIAN HACKER,31700000,5711208484.0,Science & Technology,MR. INDIAN HACKER,929,India,IN,Tech,1132.0,40.0,1.0,109125000.0,27300.0,436500.0,327400.0,5200000.0,500000.0,2012.0,Jun,21.0,28.1,1366417754.0,5.36,471031528.0,20.593684,78.96288,2763700.0,0.08718296529968454,180.164305488959,14.0,11-15 yrs
145,Worldwide Records Bhojpuri,31700000,16476978876.0,Music,Worldwide Records Bhojpuri,6518,India,IN,Music,177.0,39.0,48.0,112648000.0,28200.0,450600.0,337900.0,5400000.0,200000.0,2012.0,Mar,15.0,28.1,1366417754.0,5.36,471031528.0,20.593684,78.96288,2868950.0,0.0905031545741325,519.7785134384858,14.0,11-15 yrs
146,DONA ï¿½ï¿½,31700000,21031745531.0,Entertainment,DONA ï¿½ï¿½,166,United States,US,Entertainment,110.0,41.0,42.0,153280000.0,38300.0,613100.0,459800.0,7400000.0,200000.0,2018.0,Apr,5.0,88.2,328239523.0,14.7,270663028.0,37.09024,-95.712891,3929900.0,0.12397160883280757,663.4620041324921,8.0,7-10 yrs
147,Dream,31700000,2930015381.0,Gaming,Dream,116,United States,US,Games,2986.0,41.0,12.0,27022000.0,6800.0,108100.0,81100.0,1300000.0,200000.0,2014.0,Feb,8.0,88.2,328239523.0,14.7,270663028.0,37.09024,-95.712891,690550.0,0.02178391167192429,92.42950728706624,12.0,11-15 yrs
148,Lucas and Marcus,31600000,11615848291.0,Entertainment,Lucas and Marcus,1321,United States,US,Entertainment,339.0,42.0,43.0,312099000.0,78000.0,1200000.0,936300.0,15000000.0,400000.0,2011.0,Jan,19.0,88.2,328239523.0,14.7,270663028.0,37.09024,-95.712891,7968150.0,0.25215664556962025,367.59013579113923,15.0,11-15 yrs
149,JustinBieberVEVO,31600000,26583873105.0,Music,JustinBieberVEVO,204,United States,US,Music,63.0,42.0,49.0,105126000.0,26300.0,420500.0,315400.0,5000000.0,,2009.0,Sep,26.0,88.2,328239523.0,14.7,270663028.0,37.09024,-95.712891,2657700.0,0.08410443037974684,841.2618071202531,17.0,15+ yrs
150,Luis Fonsi,31400000,15176762479.0,Entertainment,luisfonsi,0,,,,4057944.0,,,,0.0,0.0,0.0,0.0,,2006.0,Mar,31.0,,,,,,,0.0,0.0,483.33638468152867,20.0,15+ yrs
151,Peppa Pig - Official Channel,31400000,22919271731.0,Film & Animation,Peppa Pig - Official Channel,3589,United Kingdom,GB,Education,91.0,5.0,11.0,244925000.0,61200.0,979700.0,734800.0,11800000.0,300000.0,2013.0,Oct,9.0,60.0,66834405.0,3.85,55908316.0,55.378051,-3.435973,6267400.0,0.19959872611464968,729.9131124522293,13.0,11-15 yrs
152,YOLO AVENTURAS,31200000,9673649438.0,People & Blogs,YOLO AVENTURAS,65,Venezuela,VE,Comedy,3361188.0,522.0,2270.0,3589.0,0.9,14.0,11.0,172.0,100.0,2018.0,Dec,16.0,79.3,28515829.0,8.8,25162368.0,6.42375,-66.58973,91.5,2.9326923076923076e-06,310.0528666025641,8.0,7-10 yrs
153,The Tonight Show Starring Jimmy Fallon,31200000,17111726160.0,Comedy,The Tonight Show Starring Jimmy Fallon,8976,United States,US,Comedy,166.0,44.0,6.0,22511000.0,0.0,0.0,0.0,0.0,100000.0,2006.0,Jan,8.0,88.2,328239523.0,14.7,270663028.0,37.09024,-95.712891,0.0,0.0,548.4527615384616,20.0,15+ yrs
154,TheDonato,31200000,6187804950.0,Entertainment,TheDonato,3027,Argentina,AR,Games,997.0,3.0,12.0,190679000.0,47700.0,762700.0,572000.0,9200000.0,1900000.0,2015.0,Feb,17.0,90.0,44938712.0,9.79,41339571.0,-38.416097,-63.616672,4886000.0,0.1566025641025641,198.32708173076924,11.0,11-15 yrs
155,ImagineDragons,30700000,16793072362.0,Music,ImagineDragons,92,United States,US,Music,169.0,45.0,50.0,188837000.0,47200.0,755300.0,566500.0,9100000.0,100000.0,2009.0,Aug,3.0,88.2,328239523.0,14.7,270663028.0,37.09024,-95.712891,4833250.0,0.15743485342019545,547.0056143973941,17.0,15+ yrs
156,Diana and Roma ESP,30700000,12355992466.0,,Diana and Roma ESP,578,United States,US,Entertainment,313.0,45.0,45.0,102998000.0,25700.0,412000.0,309000.0,4900000.0,200000.0,2016.0,Nov,27.0,88.2,328239523.0,14.7,270663028.0,37.09024,-95.712891,2604500.0,0.0848371335504886,402.47532462540715,10.0,7-10 yrs
157,Round2hell,30700000,3145161634.0,Comedy,Round2hell,67,India,IN,Entertainment,2687.0,41.0,45.0,31822000.0,8000.0,127300.0,95500.0,1500000.0,300000.0,2016.0,Oct,20.0,28.1,1366417754.0,5.36,471031528.0,20.593684,78.96288,797750.0,0.025985342019543976,102.44826169381108,10.0,7-10 yrs
158,Zee News,30500000,16709857823.0,News & Politics,Zee News,180092,India,IN,News,168.0,41.0,4.0,461472000.0,115400.0,1800000.0,1400000.0,22200000.0,600000.0,2007.0,Jun,19.0,28.1,1366417754.0,5.36,471031528.0,20.593684,78.96288,11800000.0,0.38688524590163936,547.8641909180328,19.0,15+ yrs
159,AboFlah,30500000,4521573939.0,Gaming,AboFlah,641,Kuwait,KW,Entertainment,1573.0,1.0,7.0,157908000.0,39500.0,631600.0,473700.0,7600000.0,1300000.0,2016.0,Jul,28.0,54.4,4207083.0,2.18,4207083.0,29.31166,47.481766,4036850.0,0.13235573770491804,148.24832586885245,10.0,7-10 yrs
160,AH,30400000,4332274962.0,Entertainment,AH,2197,Indonesia,ID,Entertainment,1701.0,4.0,46.0,21440000.0,5400.0,85800.0,64300.0,1000000.0,,2014.0,Jan,26.0,36.3,270203917.0,4.69,151509724.0,-0.789275,113.921327,532150.0,0.017504934210526315,142.5090448026316,12.0,11-15 yrs
161,Trap Nation,30400000,14037426379.0,Music,Trap Nation,2725,United States,US,Music,255.0,46.0,51.0,45822000.0,11500.0,183300.0,137500.0,2200000.0,,2012.0,Sep,23.0,88.2,328239523.0,14.7,270663028.0,37.09024,-95.712891,1168750.0,0.03844572368421053,461.7574466776316,14.0,11-15 yrs
162,ýýýýýýýýýýýýýýý ýýýýýý ýýýýýýýýýýýýýýýýýý,30400000,17999961915.0,,ýýýýýýýýýýýýýýý ýýýýýý ýýýýýýýýýýýýýýýýýý,532,United States,US,Entertainment,147.0,46.0,46.0,122926000.0,30700.0,491700.0,368800.0,5900000.0,300000.0,2018.0,Nov,3.0,88.2,328239523.0,14.7,270663028.0,37.09024,-95.712891,3134400.0,0.10310526315789474,592.1040103618421,8.0,7-10 yrs
163,Boram Tube Vlog [ï¿½ï¿½ï¿½ï¿½ï¿½ï¿½ï¿½ï¿½ï¿,30300000,13546549817.0,Entertainment,Boram Tube Vlog [ï¿½ï¿½ï¿½ï¿½ï¿½ï¿½ï¿½ï¿½ï¿,223,United States,US,Entertainment,269.0,47.0,47.0,22724000.0,5700.0,90900.0,68200.0,1100000.0,,2012.0,Feb,21.0,88.2,328239523.0,14.7,270663028.0,37.09024,-95.712891,584100.0,0.019277227722772277,447.0808520462046,14.0,11-15 yrs
164,Adele,30200000,14199108016.0,Music,Adele,15,United Kingdom,GB,Music,248.0,6.0,53.0,137099000.0,34300.0,548400.0,411300.0,6600000.0,100000.0,2008.0,Apr,4.0,60.0,66834405.0,3.85,55908316.0,55.378051,-3.435973,3505650.0,0.11608112582781457,470.169139602649,18.0,15+ yrs
165,Talking Tom,30200000,15199330166.0,Comedy,TalkingTom,2,United States,US,Entertainment,4057345.0,7736.0,6776.0,,0.0,0.0,0.0,0.0,,2008.0,Jun,27.0,88.2,328239523.0,14.7,270663028.0,37.09024,-95.712891,0.0,0.0,503.28907834437086,18.0,15+ yrs
166,ýýýýýýýý ýýýýýýýý ýýýýýýýýýý | toyoraljanahtv,30200000,27684955537.0,Entertainment,ýýýýýýýý ýýýýýýýý ýýýýýýýýýý | toyoraljanahtv,3254,Jordan,JO,Music,51.0,1.0,52.0,116434000.0,29100.0,465700.0,349300.0,5600000.0,100000.0,2008.0,Nov,24.0,34.4,10101694.0,14.72,9213048.0,30.585164,36.238414,2974650.0,0.09849834437086093,916.7203820198675,18.0,15+ yrs
167,Frost Diamond,30100000,7277493940.0,Gaming,frostdiamond,0,,,,4057944.0,,,,0.0,0.0,0.0,0.0,6.0,2006.0,Aug,10.0,,,,,,,0.0,0.0,241.7772073089701,20.0,15+ yrs
168,Spinnin' Records,30100000,19607009165.0,Music,Spinnin' Records,11501,Netherlands,NL,Music,127.0,1.0,54.0,100040000.0,25000.0,400200.0,300100.0,4800000.0,100000.0,2007.0,Jul,12.0,85.0,17332850.0,3.2,15924729.0,52.132633,5.291266,2550050.0,0.08471926910299003,651.3956533222591,19.0,15+ yrs
169,Little Angel: Nursery Rhymes & Kids Songs,30100000,22593193994.0,Education,Little Angel: Nursery Rhymes & Kids Songs,1349,United States,US,Education,95.0,49.0,12.0,107525000.0,26900.0,430100.0,322600.0,5200000.0,,2015.0,Dec,14.0,88.2,328239523.0,14.7,270663028.0,37.09024,-95.712891,2761300.0,0.09173754152823921,750.604451627907,11.0,11-15 yrs
170,jacksepticeye,30100000,16246625836.0,Gaming,jacksepticeye,5114,,,Games,183.0,2.0,14.0,40425000.0,10100.0,161700.0,121300.0,1900000.0,100000.0,2007.0,Feb,24.0,,,,,,,1010650.0,0.03357641196013289,539.7550111627907,19.0,15+ yrs
171,Shawn Mendes,30000000,12831200855.0,Music,Shawn Mendes,133,Canada,CA,Music,295.0,4.0,55.0,88749000.0,22200.0,355000.0,266200.0,4300000.0,,2011.0,Jan,19.0,68.9,36991981.0,5.56,30628482.0,56.130366,-106.346771,2283100.0,0.07610333333333333,427.7066951666667,15.0,11-15 yrs
172,ashish chanchlani vines,29800000,4457913639.0,Comedy,ashish chanchlani vines,151,India,IN,Comedy,1622.0,42.0,8.0,26171000.0,6500.0,104700.0,78500.0,1300000.0,100000.0,2009.0,Jul,6.0,28.1,1366417754.0,5.36,471031528.0,20.593684,78.96288,689250.0,0.023129194630872485,149.59441741610738,17.0,15+ yrs
173,Ultra Records,29600000,17208027242.0,Music,Ultra Records,4903,United States,US,Music,165.0,50.0,56.0,81884000.0,20500.0,327500.0,245700.0,3900000.0,,2006.0,Oct,24.0,88.2,328239523.0,14.7,270663028.0,37.09024,-95.712891,2072850.0,0.07002871621621622,581.3522716891891,20.0,15+ yrs
174,Popular on YouTube,29300000,0.0,,Popular on Youtube,3,,,Education,4019724.0,,4847.0,1.0,0.0,0.0,0.0,0.05,,2017.0,Aug,7.0,,,,,,,0.025,8.532423208191126e-10,0.0,9.0,7-10 yrs
175,Maluma,29300000,21226945136.0,Music,MaLuMa,14,Argentina,AR,People,4051498.0,3624.0,7658.0,15.0,0.0,0.06,0.05,0.72,,2015.0,Oct,31.0,90.0,44938712.0,9.79,41339571.0,-38.416097,-63.616672,0.385,1.3139931740614335e-08,724.4691172696246,11.0,11-15 yrs
176,Zhong,29200000,14727238483.0,Entertainment,Zhong,1513,United States,US,Entertainment,230.0,51.0,48.0,180519000.0,0.0,0.0,0.0,0.0,1000000.0,2015.0,Jan,19.0,88.2,328239523.0,14.7,270663028.0,37.09024,-95.712891,0.0,0.0,504.35748229452054,11.0,11-15 yrs
177,Enaldinho,29200000,11627437847.0,Comedy,Enaldinho,3654,Brazil,BR,Games,338.0,10.0,15.0,303100000.0,75800.0,1200000.0,909300.0,14500000.0,1000000.0,2012.0,Nov,7.0,51.3,212559417.0,12.08,183241641.0,-14.235004,-51.92528,7704650.0,0.26385787671232874,398.19992626712326,14.0,11-15 yrs
178,AuronPlay,29200000,4079141673.0,Comedy,AuronPlay,404,Spain,ES,Comedy,1852.0,3.0,9.0,12143000.0,3000.0,48600.0,36400.0,582900.0,,2006.0,Feb,28.0,88.9,47076781.0,13.96,37927409.0,40.463667,-3.74922,309650.0,0.01060445205479452,139.6966326369863,20.0,15+ yrs
179,Shorts Break,29000000,19466238065.0,Comedy,shorts break,42,,,,3997024.0,,,60805.0,15.0,243.0,182.0,2900.0,151.0,2021.0,Jan,28.0,,,,,,,1541.0,5.313793103448276e-05,671.2495884482759,5.0,4-6 yrs
180,infobells - Tamil,28900000,17930570614.0,Education,infobells - Tamil,555,India,IN,Education,149.0,44.0,13.0,109828000.0,27500.0,439300.0,329500.0,5300000.0,200000.0,2014.0,Mar,13.0,28.1,1366417754.0,5.36,471031528.0,20.593684,78.96288,2814750.0,0.0973961937716263,620.4349693425605,12.0,11-15 yrs
181,Aditya Music India,28500000,25857994495.0,Music,Aditya Music,0,,,Music,4057944.0,,4721.0,,0.0,0.0,0.0,0.0,,2010.0,Dec,16.0,,,,,,,0.0,0.0,907.2980524561403,16.0,15+ yrs
182,The Late Late Show with James Corden,28400000,9956764048.0,Entertainment,The Late Late Show with James Corden,5809,United States,US,Entertainment,445.0,53.0,49.0,26435000.0,6600.0,105700.0,79300.0,1300000.0,,2006.0,Nov,21.0,88.2,328239523.0,14.7,270663028.0,37.09024,-95.712891,689650.0,0.024283450704225353,350.5902833802817,20.0,15+ yrs
183,Aditya Movies,28400000,10062770060.0,Movies,Aditya Movies,5436,India,IN,Film,432.0,45.0,11.0,227355000.0,56800.0,909400.0,682100.0,10900000.0,500000.0,2012.0,Feb,23.0,28.1,1366417754.0,5.36,471031528.0,20.593684,78.96288,5791050.0,0.20391021126760564,354.32288943661973,14.0,11-15 yrs
184,Masha y el Oso,28300000,13577142726.0,Film & Animation,Masha y El oso,6,,,,4057907.0,,,2.0,0.0,0.01,0.01,0.1,,2019.0,Jul,21.0,,,,,,,0.055,1.9434628975265016e-09,479.7576934982332,7.0,7-10 yrs
185,infobells - Telugu,28300000,14814192034.0,Education,infobells - Telugu,505,India,IN,Education,223.0,45.0,14.0,288110000.0,72000.0,1200000.0,864300.0,13800000.0,800000.0,2014.0,Mar,13.0,28.1,1366417754.0,5.36,471031528.0,20.593684,78.96288,7332150.0,0.2590865724381625,523.469683180212,12.0,11-15 yrs
186,HUM TV,28300000,23844936965.0,Entertainment,HUM TV,106983,Pakistan,PK,Entertainment,80.0,3.0,49.0,684860000.0,171200.0,2700000.0,2100000.0,32900000.0,700000.0,2011.0,May,25.0,9.0,216565318.0,4.45,79927762.0,30.375321,69.345116,17500000.0,0.6183745583038869,842.5772779151944,15.0,11-15 yrs
187,Shemaroo Movies,28200000,7600740993.0,Entertainment,Shemaroo Movies,3009,India,IN,Film,721.0,46.0,13.0,184966000.0,46200.0,739900.0,554900.0,8900000.0,500000.0,2011.0,Mar,1.0,28.1,1366417754.0,5.36,471031528.0,20.593684,78.96288,4727450.0,0.16764007092198582,269.5298224468085,15.0,11-15 yrs
188,Michael Jackson,28200000,14412474625.0,Music,Michael Jackson,15,United States,US,Music,242.0,54.0,59.0,158591000.0,39600.0,634400.0,475800.0,7600000.0,200000.0,2005.0,Jun,22.0,88.2,328239523.0,14.7,270663028.0,37.09024,-95.712891,4037900.0,0.14318794326241135,511.08066046099293,21.0,15+ yrs
189,Drake,28100000,15318895118.0,Music,drake,3,,,Film,4011030.0,,4909.0,31.0,0.01,0.12,0.09,1.0,1.0,2005.0,Sep,23.0,,,,,,,0.545,1.939501779359431e-08,545.1564098932384,21.0,15+ yrs
190,Goldmines Dishoom,28000000,8603468420.0,Film & Animation,Goldmines Dishoom,3878,,,Film,587.0,,14.0,129211000.0,32300.0,516800.0,387600.0,6200000.0,400000.0,2016.0,Nov,26.0,,,,,,,3293800.0,0.11763571428571429,307.2667292857143,10.0,7-10 yrs
191,Sandeep Maheshwari,27800000,2303069221.0,People & Blogs,Sandeepmaheshwari,0,Singapore,SG,,4057944.0,3017.0,,,0.0,0.0,0.0,0.0,1.0,2008.0,Jan,2.0,84.8,5703569.0,4.11,5703569.0,1.352083,103.819836,0.0,0.0,82.84421658273381,18.0,15+ yrs
192,Bounce Patrol - Kids Songs,27800000,21037851468.0,Music,Bounce Patrol - Kids Songs,292,Australia,AU,Music,111.0,1.0,61.0,127441000.0,31900.0,509800.0,382300.0,6100000.0,,2013.0,Jan,1.0,113.1,25766605.0,5.27,21844756.0,-25.274398,133.775136,3241150.0,0.11658812949640288,756.7572470503598,13.0,11-15 yrs
193,toycantando,27700000,15777682516.0,Music,toycantando,619,Colombia,CO,Music,197.0,4.0,62.0,173836000.0,43500.0,695300.0,521500.0,8300000.0,200000.0,2009.0,Jul,7.0,55.3,50339443.0,9.71,40827302.0,4.570868,-74.297333,4410750.0,0.15923285198555956,569.5914265703971,17.0,15+ yrs
194,MrBeast 2,27500000,4552581106.0,People & Blogs,Leaux Pass,27,United States,US,Music,2161873.0,5889.0,4311.0,649.0,0.0,0.0,0.0,0.0,,2011.0,Jun,23.0,88.2,328239523.0,14.7,270663028.0,37.09024,-95.712891,0.0,0.0,165.54840385454546,15.0,11-15 yrs
195,Wiz Khalifa,27500000,13379395501.0,Music,Wiz Khalifa,682,United States,US,Music,275.0,57.0,63.0,90450000.0,22600.0,361800.0,271300.0,4300000.0,100000.0,2008.0,May,9.0,88.2,328239523.0,14.7,270663028.0,37.09024,-95.712891,2285650.0,0.08311454545454545,486.5234727636364,18.0,15+ yrs
196,JYP Entertainment,27400000,19883150017.0,Music,JYP Entertainment,1753,South Korea,KR,Music,124.0,4.0,64.0,307631000.0,76900.0,1200000.0,922900.0,14800000.0,200000.0,2008.0,Jan,25.0,94.3,51709098.0,4.15,42106719.0,35.907757,127.766922,7861450.0,0.28691423357664236,725.6624093795621,18.0,15+ yrs
197,ýýý Kids Roma Show,27400000,10336420490.0,People & Blogs,ýýý Kids Roma Show,642,United States,US,Entertainment,418.0,58.0,50.0,175844000.0,44000.0,703400.0,527500.0,8400000.0,400000.0,2015.0,May,12.0,88.2,328239523.0,14.7,270663028.0,37.09024,-95.712891,4463750.0,0.16291058394160585,377.24162372262776,11.0,11-15 yrs
198,DanTDM,27400000,19417887510.0,Gaming,DanTDM,3664,United Kingdom,GB,Games,132.0,7.0,16.0,78668000.0,19700.0,314700.0,236000.0,3800000.0,500000.0,2012.0,Jul,14.0,60.0,66834405.0,3.85,55908316.0,55.378051,-3.435973,2018000.0,0.07364963503649635,708.6820259124088,14.0,11-15 yrs
199,Nick Jr.,27300000,22440611155.0,Film & Animation,Nick Jr.,5438,United States,US,Entertainment,100.0,59.0,51.0,42546000.0,10600.0,170200.0,127600.0,2000000.0,200000.0,2012.0,Sep,27.0,88.2,328239523.0,14.7,270663028.0,37.09024,-95.712891,1063800.0,0.038967032967032966,822.0004086080586,14.0,11-15 yrs
200,Crazy XYZ,27300000,7705492350.0,Entertainment,Crazy XYZ,1259,India,IN,Tech,707.0,48.0,2.0,102235000.0,25600.0,408900.0,306700.0,4900000.0,100000.0,2017.0,Sep,10.0,28.1,1366417754.0,5.36,471031528.0,20.593684,78.96288,2603350.0,0.09536080586080586,282.25246703296705,9.0,7-10 yrs
201,ToyPuddingTV,27100000,15916882228.0,Entertainment,ToyPudding TV[ï¿½ï¿½ï¿½ï¿½ï,2,,,People,4052296.0,,7692.0,14.0,0.0,0.06,0.04,0.67,,2017.0,Jun,7.0,,,,,,,0.35500000000000004,1.3099630996309965e-08,587.338827601476,9.0,7-10 yrs
202,Dushyant kukreja,27100000,17318452893.0,Entertainment,Dushyant kukreja,889,India,IN,Entertainment,159.0,49.0,52.0,429692000.0,107400.0,1700000.0,1300000.0,20600000.0,700000.0,2015.0,Sep,26.0,28.1,1366417754.0,5.36,471031528.0,20.593684,78.96288,10950000.0,0.4040590405904059,639.0573023247232,11.0,11-15 yrs
203,Gulshan Kalra,27100000,12732444881.0,Howto & Style,Gulshan Kalra,545,,,Howto,296.0,,5.0,502779000.0,125700.0,2000000.0,1500000.0,24100000.0,1300000.0,2018.0,Apr,9.0,,,,,,,12800000.0,0.47232472324723246,469.8319144280443,8.0,7-10 yrs
204,Brent Rivera,27000000,6570935979.0,Comedy,Brent Rivera,554,United States,US,Entertainment,909.0,60.0,53.0,144453000.0,36100.0,577800.0,433400.0,6900000.0,300000.0,2009.0,Aug,1.0,88.2,328239523.0,14.7,270663028.0,37.09024,-95.712891,3666700.0,0.1358037037037037,243.3679992222222,17.0,15+ yrs
205,Renato Garcia YT,26900000,7938616641.0,Entertainment,Renato Garcia YT,3956,Brazil,BR,Entertainment,664.0,11.0,54.0,82912000.0,20700.0,331600.0,248700.0,4000000.0,200000.0,2011.0,Sep,29.0,51.3,212559417.0,12.08,183241641.0,-14.235004,-51.92528,2124350.0,0.0789721189591078,295.11586026022303,15.0,11-15 yrs
206,Beast Reacts,26700000,4388047013.0,People & Blogs,Beast Reacts,241,United States,US,Entertainment,1632.0,61.0,54.0,276187000.0,69000.0,1100000.0,828600.0,13300000.0,1200000.0,2016.0,Apr,24.0,88.2,328239523.0,14.7,270663028.0,37.09024,-95.712891,7064300.0,0.2645805243445693,164.34633007490638,10.0,7-10 yrs
207,enchufetv,26700000,10317306313.0,Comedy,enchufetv,975,Colombia,CO,Comedy,420.0,5.0,11.0,24363000.0,6100.0,97500.0,73100.0,1200000.0,,2011.0,Nov,13.0,55.3,50339443.0,9.71,40827302.0,4.570868,-74.297333,636550.0,0.023840823970037454,386.41596677902623,15.0,11-15 yrs
208,Netflix,26700000,7173668905.0,Entertainment,Netflix,6471,United States,US,Entertainment,797.0,62.0,55.0,118226000.0,29600.0,472900.0,354700.0,5700000.0,200000.0,2012.0,Jul,17.0,88.2,328239523.0,14.7,270663028.0,37.09024,-95.712891,3027350.0,0.11338389513108614,268.67673801498125,14.0,11-15 yrs
209,Raffy Tulfo in Action,26500000,15065753455.0,News & Politics,Raffy Tulfo in Action,10022,Philippines,PH,News,219.0,3.0,5.0,163130000.0,40800.0,652500.0,489400.0,7800000.0,300000.0,2016.0,Apr,20.0,35.5,108116615.0,2.15,50975903.0,12.879721,121.774017,4144700.0,0.15640377358490565,568.5189983018868,10.0,7-10 yrs
210,WORLDSTARHIPHOP,26500000,20358117330.0,Music,WORLDSTARHIPHOP,6873,United States,US,Music,117.0,63.0,65.0,89098000.0,22300.0,356400.0,267300.0,4300000.0,,2008.0,Nov,8.0,88.2,328239523.0,14.7,270663028.0,37.09024,-95.712891,2283650.0,0.08617547169811321,768.2308426415094,18.0,15+ yrs
211,Goldmines Bollywood,26400000,8595760553.0,Film & Animation,Goldmines Bollywood,3622,India,IN,Film,588.0,50.0,15.0,99677000.0,24900.0,398700.0,299000.0,4800000.0,400000.0,2015.0,Jul,22.0,28.1,1366417754.0,5.36,471031528.0,20.593684,78.96288,2549500.0,0.0965719696969697,325.5969906439394,11.0,11-15 yrs
212,Alan Chikin Chow,26400000,27006526665.0,Comedy,Alan Chikin Chow,865,United States,US,Comedy,61.0,63.0,12.0,1046000000.0,261500.0,4200000.0,3100000.0,50200000.0,1300000.0,2020.0,Feb,3.0,88.2,328239523.0,14.7,270663028.0,37.09024,-95.712891,26650000.0,1.009469696969697,1022.9744948863637,6.0,4-6 yrs
213,PANDA BOI,26400000,17211600007.0,Entertainment,PANDA BOI,967,Italy,IT,Entertainment,158.0,1.0,55.0,1225000000.0,306400.0,4900000.0,3700000.0,58800000.0,2000000.0,2020.0,Dec,5.0,61.9,60297396.0,9.89,42651966.0,41.87194,12.56738,31250000.0,1.183712121212121,651.954545719697,6.0,4-6 yrs
214,BB Ki Vines,26300000,4749833967.0,Entertainment,BB Ki Vines,190,India,IN,Entertainment,1462.0,51.0,57.0,17264000.0,4300.0,69100.0,51800.0,828600.0,,2015.0,Jun,20.0,28.1,1366417754.0,5.36,471031528.0,20.593684,78.96288,440200.0,0.01673764258555133,180.6020519771863,11.0,11-15 yrs
215,D Billions,26200000,31977463002.0,,D Billions,775,United States,US,Entertainment,33.0,64.0,58.0,487076000.0,121800.0,1900000.0,1500000.0,23400000.0,200000.0,2019.0,Jul,27.0,88.2,328239523.0,14.7,270663028.0,37.09024,-95.712891,12450000.0,0.4751908396946565,1220.513855038168,7.0,7-10 yrs
216,Junya.ï¿½ï¿½ï¿½ï¿½,26200000,16097531087.0,Entertainment,Junya.ï¿½ï¿½ï¿½ï¿½,5985,Japan,JP,Entertainment,184.0,2.0,56.0,721848000.0,180500.0,2900000.0,2200000.0,34600000.0,1100000.0,2020.0,Sep,14.0,63.2,126226568.0,2.29,115782416.0,36.204824,138.252924,18400000.0,0.7022900763358778,614.4095834732824,6.0,4-6 yrs
217,Smosh,26100000,10435474336.0,Comedy,Smosh,1619,United States,US,Comedy,410.0,65.0,13.0,68156000.0,17000.0,272600.0,204500.0,3300000.0,400000.0,2005.0,Nov,19.0,88.2,328239523.0,14.7,270663028.0,37.09024,-95.712891,1752250.0,0.0671360153256705,399.8266029118774,21.0,15+ yrs
218,1MILLION Dance Studio,26100000,7886440199.0,Entertainment,1MILLION Dance Studio,0,Saudi Arabia,SA,Music,4057944.0,3695.0,5641.0,,0.0,0.0,0.0,0.0,,2019.0,Jul,13.0,68.0,34268528.0,5.93,28807838.0,23.885942,45.079162,0.0,0.0,302.16245973180077,7.0,7-10 yrs
219,NichLmao,26000000,14101010609.0,People & Blogs,NichLmao,868,,,People,249.0,,6.0,606362000.0,151600.0,2400000.0,1800000.0,29100000.0,1100000.0,2018.0,Sep,25.0,,,,,,,15450000.0,0.5942307692307692,542.3465618846154,8.0,7-10 yrs
220,Beyoncï¿,26000000,17308961985.0,Music,Beyoncï¿,240,United States,US,Music,163.0,66.0,66.0,55454000.0,13900.0,221800.0,166400.0,2700000.0,,2005.0,Nov,7.0,88.2,328239523.0,14.7,270663028.0,37.09024,-95.712891,1433200.0,0.05512307692307692,665.7293071153846,21.0,15+ yrs
221,Marï¿½ï¿½ï¿½ï¿½ï¿½,26000000,18597534412.0,Music,mariliamendonca,1,,,Music,4057142.0,,4914.0,3.0,0.0,0.01,0.01,0.14,3.0,2008.0,Jun,14.0,,,,,,,0.07500000000000001,2.884615384615385e-09,715.2897850769231,18.0,15+ yrs
222,Indosiar,25900000,11372071889.0,Music,Indosiar,65286,Indonesia,ID,Entertainment,358.0,5.0,60.0,230183000.0,57500.0,920700.0,690500.0,11000000.0,600000.0,2013.0,Sep,23.0,36.3,270203917.0,4.69,151509724.0,-0.789275,113.921327,5845250.0,0.2256853281853282,439.0761347104247,13.0,11-15 yrs
223,VanossGaming,25800000,15541421838.0,Gaming,VanossGaming,1762,Canada,CA,Games,206.0,5.0,17.0,54947000.0,13700.0,219800.0,164800.0,2600000.0,,2011.0,Sep,15.0,68.9,36991981.0,5.56,30628482.0,56.130366,-106.346771,1382400.0,0.053581395348837206,602.3806913953489,15.0,11-15 yrs
224,David Guetta,25700000,17793809548.0,Music,David Guetta,749,United States,US,Music,153.0,67.0,67.0,164215000.0,41100.0,656900.0,492600.0,7900000.0,100000.0,2009.0,Dec,11.0,88.2,328239523.0,14.7,270663028.0,37.09024,-95.712891,4196300.0,0.16328015564202333,692.3661302723735,17.0,15+ yrs
225,LosPolinesios,25700000,7466926260.0,People & Blogs,LosPolinesios,982,Mexico,MX,People,746.0,8.0,7.0,30501000.0,7600.0,122000.0,91500.0,1500000.0,,2012.0,Dec,16.0,40.2,126014024.0,3.42,102626859.0,23.634501,-102.552784,795750.0,0.030963035019455253,290.54187782101167,14.0,11-15 yrs
226,Nicki Minaj,25700000,10242981063.0,Music,Nicki Minaj,42,United States,US,Music,425.0,67.0,67.0,103631000.0,25900.0,414500.0,310900.0,5000000.0,100000.0,2013.0,Aug,28.0,88.2,328239523.0,14.7,270663028.0,37.09024,-95.712891,2655450.0,0.10332490272373542,398.5595744357977,13.0,11-15 yrs
227,Fede Vigevani,25600000,7962725960.0,Howto & Style,Fede Vigevani,0,,,,4057944.0,,,,0.0,0.0,0.0,0.0,2.0,2019.0,Aug,1.0,,,,,,,0.0,0.0,311.0439828125,7.0,7-10 yrs
228,TaylorSwiftVEVO,25600000,25592378292.0,Music,TaylorSwiftVEVO,287,United States,US,Music,67.0,68.0,68.0,318593000.0,79600.0,1300000.0,955800.0,15300000.0,100000.0,2009.0,May,12.0,88.2,328239523.0,14.7,270663028.0,37.09024,-95.712891,8127900.0,0.31749609375,999.70227703125,17.0,15+ yrs
229,ZHC,25500000,2726917087.0,Film & Animation,zhc,5,,,Entertainment,4042995.0,,6739.0,20.0,0.01,0.08,0.06,0.96,4.0,2006.0,Jan,24.0,,,,,,,0.51,2e-08,106.93792498039215,20.0,15+ yrs
230,Post Malone,25500000,14401218086.0,Music,Post Malone,78,United States,US,Music,243.0,69.0,69.0,195499000.0,48900.0,782000.0,586500.0,9400000.0,100000.0,2011.0,Dec,15.0,88.2,328239523.0,14.7,270663028.0,37.09024,-95.712891,4993250.0,0.19581372549019607,564.7536504313725,15.0,11-15 yrs
231,Rans Entertainment,25400000,6430853035.0,People & Blogs,Rans Entertainment,3716,Indonesia,ID,Entertainment,942.0,6.0,62.0,58487000.0,14600.0,233900.0,175500.0,2800000.0,100000.0,2015.0,Dec,27.0,36.3,270203917.0,4.69,151509724.0,-0.789275,113.921327,1487750.0,0.05857283464566929,253.18319035433072,11.0,11-15 yrs
232,LankyBox,25400000,34300482066.0,Comedy,LankyBox,8775,United States,US,Games,29.0,69.0,18.0,815341000.0,203800.0,3300000.0,2400000.0,39100000.0,600000.0,2016.0,Jul,30.0,88.2,328239523.0,14.7,270663028.0,37.09024,-95.712891,20750000.0,0.8169291338582677,1350.4126797637796,10.0,7-10 yrs
233,Coldplay,25300000,17331663193.0,Music,Coldplay,398,United Kingdom,GB,Music,160.0,8.0,70.0,198875000.0,49700.0,795500.0,596600.0,9500000.0,100000.0,2010.0,Jan,3.0,60.0,66834405.0,3.85,55908316.0,55.378051,-3.435973,5048300.0,0.19953754940711463,685.0459760079051,16.0,15+ yrs
234,Las Ratitas,25200000,9602246828.0,People & Blogs,LAS RATITAS,4,,,People,4051936.0,,7690.0,11.0,0.0,0.04,0.03,0.53,,2019.0,May,31.0,,,,,,,0.28,1.1111111111111112e-08,381.04154079365077,7.0,7-10 yrs
235,WB Kids,25200000,11081602368.0,People & Blogs,WB Kids,2025,United States,US,Film,375.0,70.0,16.0,140319000.0,35100.0,561300.0,421000.0,6700000.0,300000.0,2015.0,Mar,31.0,88.2,328239523.0,14.7,270663028.0,37.09024,-95.712891,3560500.0,0.14128968253968255,439.7461257142857,11.0,11-15 yrs
236,ABPLIVE,25200000,7968363381.0,People & Blogs,ABPLIVE,12,,,People,4026389.0,,7421.0,2.0,0.0,0.01,0.01,0.1,,2014.0,Jul,26.0,,,,,,,0.055,2.1825396825396827e-09,316.20489607142855,12.0,11-15 yrs
237,Chris Brown,25200000,15520569496.0,Music,ChrisBrown,0,,,,3612215.0,,,,0.0,0.0,0.0,0.0,,2014.0,Jan,9.0,,,,,,,0.0,0.0,615.8956149206349,12.0,11-15 yrs
238,The Lallantop,25200000,10409352249.0,News & Politics,The Lallantop,51129,India,IN,News,408.0,52.0,6.0,273920000.0,68500.0,1100000.0,821800.0,13100000.0,300000.0,2015.0,Mar,23.0,28.1,1366417754.0,5.36,471031528.0,20.593684,78.96288,6960900.0,0.27622619047619046,413.0695336904762,11.0,11-15 yrs
239,RihannaVEVO,25100000,19458807708.0,Music,RihannaVEVO,118,United States,US,Music,130.0,71.0,72.0,94246000.0,23600.0,377000.0,282700.0,4500000.0,,2009.0,May,12.0,88.2,328239523.0,14.7,270663028.0,37.09024,-95.712891,2391350.0,0.09527290836653386,775.2513031075697,17.0,15+ yrs
240,WatchMojo.com,25100000,16357064198.0,Music,WatchMojo.com,24837,Canada,CA,Entertainment,180.0,6.0,64.0,49009000.0,12300.0,196000.0,147000.0,2400000.0,,2007.0,Jan,25.0,68.9,36991981.0,5.56,30628482.0,56.130366,-106.346771,1273500.0,0.05073705179282868,651.6758644621514,19.0,15+ yrs
241,TRANS7 OFFICIAL,25000000,14169516119.0,Entertainment,TRANS7 OFFICIAL,89179,Indonesia,ID,Entertainment,251.0,7.0,64.0,123189000.0,30800.0,492800.0,369600.0,5900000.0,100000.0,2014.0,Sep,4.0,36.3,270203917.0,4.69,151509724.0,-0.789275,113.921327,3134800.0,0.125392,566.78064476,12.0,11-15 yrs
242,Anuel AA,25000000,14827085149.0,Music,Anuel AA,147,Colombia,CO,Music,225.0,6.0,73.0,284144000.0,71000.0,1100000.0,852400.0,13600000.0,300000.0,2016.0,Sep,8.0,55.3,50339443.0,9.71,40827302.0,4.570868,-74.297333,7226200.0,0.289048,593.08340596,10.0,7-10 yrs
243,Dan Rhodes,24800000,17387583720.0,Entertainment,Dan Rhodes,1644,United Kingdom,GB,Entertainment,157.0,9.0,66.0,331889000.0,83000.0,1300000.0,995700.0,15900000.0,500000.0,2015.0,Oct,30.0,60.0,66834405.0,3.85,55908316.0,55.378051,-3.435973,8447850.0,0.3406391129032258,701.1122467741935,11.0,11-15 yrs
244,Yuya,24800000,2588501115.0,Howto & Style,Yuya,672,Mexico,MX,Howto,3505.0,9.0,6.0,336291.0,84.0,1300.0,1000.0,16100.0,,2009.0,Sep,20.0,40.2,126014024.0,3.42,102626859.0,23.634501,-102.552784,8550.0,0.000344758064516129,104.37504495967742,17.0,15+ yrs
245,America's Got Talent,24800000,3699352704.0,Entertainment,America's Got Talent,1894,United States,US,Entertainment,2122.0,72.0,65.0,134412000.0,33600.0,537600.0,403200.0,6500000.0,400000.0,2006.0,Jun,29.0,88.2,328239523.0,14.7,270663028.0,37.09024,-95.712891,3451600.0,0.1391774193548387,149.1674477419355,20.0,15+ yrs
246,mujjuu___14,24800000,14655527943.0,People & Blogs,mujjuu___14,872,,,People,234.0,,8.0,400222000.0,100100.0,1600000.0,1200000.0,19200000.0,900000.0,2020.0,May,18.0,,,,,,,10200000.0,0.4112903225806452,590.9487073790323,6.0,4-6 yrs
247,EminemVEVO,24700000,20531704527.0,Music,EminemVEVO,104,United States,US,Music,115.0,73.0,74.0,139443000.0,34900.0,557800.0,418300.0,6700000.0,100000.0,2009.0,May,12.0,88.2,328239523.0,14.7,270663028.0,37.09024,-95.712891,3559150.0,0.14409514170040486,831.2430982591093,17.0,15+ yrs
248,Chloe Ting,24700000,2994726412.0,Howto & Style,Chloe Ting,412,Australia,AU,Howto,2897.0,2.0,7.0,23263000.0,5800.0,93100.0,69800.0,1100000.0,,2011.0,Aug,17.0,113.1,25766605.0,5.27,21844756.0,-25.274398,133.775136,584900.0,0.023680161943319837,121.24398429149798,15.0,11-15 yrs
249,KatyPerryVEVO,24600000,23755792542.0,Music,KatyPerryVEVO,175,United States,US,Music,82.0,74.0,75.0,88940000.0,22200.0,355800.0,266800.0,4300000.0,100000.0,2009.0,Dec,13.0,88.2,328239523.0,14.7,270663028.0,37.09024,-95.712891,2283400.0,0.09282113821138212,965.6826236585366,17.0,15+ yrs
250,Mark Rober,24600000,3647987299.0,Science & Technology,Mark Rober,120,United States,US,Tech,2178.0,74.0,3.0,88625000.0,22200.0,354500.0,265900.0,4300000.0,200000.0,2011.0,Oct,20.0,88.2,328239523.0,14.7,270663028.0,37.09024,-95.712891,2282950.0,0.09280284552845529,148.29216662601627,15.0,11-15 yrs
251,1theK (ï¿½ï¿½ï¿½ï¿½ï,24500000,23962070944.0,Music,1theK (ï¿½ï¿½ï¿½ï¿½ï,18950,South Korea,KR,Entertainment,79.0,6.0,67.0,105567000.0,26400.0,422300.0,316700.0,5100000.0,,2011.0,Jan,31.0,94.3,51709098.0,4.15,42106719.0,35.907757,127.766922,2708350.0,0.11054489795918368,978.043712,15.0,11-15 yrs
252,Like Nastya AE,24400000,12385924995.0,Entertainment,Like Nastya AE,658,United States,US,Entertainment,312.0,75.0,68.0,169865000.0,42500.0,679500.0,509600.0,8200000.0,400000.0,2018.0,Dec,19.0,88.2,328239523.0,14.7,270663028.0,37.09024,-95.712891,4354800.0,0.17847540983606558,507.6198768442623,8.0,7-10 yrs
253,Amit Bhadana,24300000,2380248899.0,Entertainment,Amit Bhadana,17,,,People,4054185.0,,7710.0,5.0,0.0,0.02,0.02,0.24,,2009.0,Dec,31.0,,,,,,,0.13,5.3497942386831275e-09,97.95262958847736,17.0,15+ yrs
254,Pen Movies,24300000,6608773195.0,Film & Animation,Pen Movies,1667,India,IN,Film,903.0,53.0,17.0,94853000.0,23700.0,379400.0,284600.0,4600000.0,300000.0,2014.0,Mar,25.0,28.1,1366417754.0,5.36,471031528.0,20.593684,78.96288,2442300.0,0.10050617283950618,271.96597510288063,12.0,11-15 yrs
255,MrBeast en Espaï¿½ï,24200000,2700914170.0,Entertainment,MrBeast en Espaï¿½ï,67,Mexico,MX,Entertainment,3309.0,10.0,70.0,33590000.0,8400.0,134400.0,100800.0,1600000.0,100000.0,2021.0,Jul,9.0,40.2,126014024.0,3.42,102626859.0,23.634501,-102.552784,850400.0,0.035140495867768594,111.60802355371901,5.0,4-6 yrs
256,shfa show India,24200000,15724160183.0,,shfa show India,469,United Arab Emirates,AE,People,203.0,3.0,9.0,151208000.0,37800.0,604800.0,453600.0,7300000.0,200000.0,2019.0,Apr,1.0,36.8,9770529.0,2.35,8479744.0,23.424076,53.847818,3876800.0,0.16019834710743802,649.7586852479338,7.0,7-10 yrs
257,Super JoJo - Nursery Rhymes & Kids Songs,24100000,329774870.0,,Super JoJo - Nursery Rhymes & Kids Songs,36,United States,US,Education,40117.0,77.0,15.0,328503000.0,82100.0,1300000.0,985500.0,15800000.0,100000.0,2019.0,May,31.0,88.2,328239523.0,14.7,270663028.0,37.09024,-95.712891,8392750.0,0.348246887966805,13.683604564315353,7.0,7-10 yrs
258,Alejo Igoa,24100000,10999000479.0,Comedy,Alejo Igoa,802,Argentina,AR,Entertainment,376.0,4.0,71.0,401512000.0,100400.0,1600000.0,1200000.0,19300000.0,600000.0,2014.0,Jan,17.0,90.0,44938712.0,9.79,41339571.0,-38.416097,-63.616672,10250000.0,0.42531120331950206,456.3900613692946,12.0,11-15 yrs
259,Daniel LaBelle,24100000,12916159065.0,Comedy,Daniel LaBelle,287,,,Comedy,290.0,,14.0,398765000.0,99700.0,1600000.0,1200000.0,19100000.0,700000.0,2009.0,Mar,11.0,,,,,,,10150000.0,0.4211618257261411,535.9402101659751,17.0,15+ yrs
260,netd mï¿½ï¿,24100000,56106087508.0,Music,netd mï¿½ï¿,23491,Turkey,TR,Music,14.0,2.0,76.0,424815000.0,106200.0,1700000.0,1300000.0,20400000.0,200000.0,2014.0,Jan,23.0,23.9,83429615.0,13.49,63097818.0,38.963745,35.243322,10850000.0,0.45020746887966806,2328.053423568465,12.0,11-15 yrs
261,DJ Snake,24100000,8425505919.0,Music,DJ Snake,252,United States,US,Music,602.0,77.0,76.0,63293000.0,15800.0,253200.0,189900.0,3000000.0,,2008.0,Sep,24.0,88.2,328239523.0,14.7,270663028.0,37.09024,-95.712891,1594950.0,0.06618049792531121,349.60605473029045,18.0,15+ yrs
262,Diana and Roma ARA,24100000,11041261296.0,,Diana and Roma ARA,590,United States,US,Entertainment,379.0,76.0,70.0,66884000.0,16700.0,267500.0,200700.0,3200000.0,200000.0,2019.0,Feb,1.0,88.2,328239523.0,14.7,270663028.0,37.09024,-95.712891,1700350.0,0.0705539419087137,458.1436222406639,7.0,7-10 yrs
263,KSI,24100000,6002166932.0,Entertainment,KSI,1252,United Kingdom,GB,Music,1053.0,10.0,76.0,5439000.0,1400.0,21800.0,16300.0,261100.0,,2009.0,Jul,25.0,60.0,66834405.0,3.85,55908316.0,55.378051,-3.435973,138700.0,0.0057551867219917015,249.05256979253113,17.0,15+ yrs
264,Spider Slack,24000000,13943030228.0,Comedy,Spider Slack,901,Brazil,BR,Comedy,252.0,13.0,14.0,761451000.0,190400.0,3000000.0,2300000.0,36500000.0,1100000.0,2020.0,May,18.0,51.3,212559417.0,12.08,183241641.0,-14.235004,-51.92528,19400000.0,0.8083333333333333,580.9595928333333,6.0,4-6 yrs
265,Goldmines Movies,24000000,5652938599.0,Film & Animation,Ti Ti,3,,,People,4057888.0,,7725.0,3.0,0.0,0.01,0.01,0.14,,2018.0,Apr,30.0,,,,,,,0.07500000000000001,3.1250000000000003e-09,235.53910829166668,8.0,7-10 yrs
266,Preston,24000000,8279004442.0,Gaming,Preston,4009,United States,US,Entertainment,621.0,78.0,72.0,151697000.0,37900.0,606800.0,455100.0,7300000.0,200000.0,2012.0,Jul,4.0,88.2,328239523.0,14.7,270663028.0,37.09024,-95.712891,3877550.0,0.16156458333333334,344.95851841666666,14.0,11-15 yrs
267,James Charles,23900000,4067878931.0,Entertainment,James Charles,505,United States,US,Entertainment,1860.0,79.0,73.0,58126000.0,14500.0,232500.0,174400.0,2800000.0,100000.0,2015.0,Dec,1.0,88.2,328239523.0,14.7,270663028.0,37.09024,-95.712891,1487200.0,0.06222594142259414,170.20413937238493,11.0,11-15 yrs
268,Collins Key,23900000,6582932625.0,Entertainment,Collins Key,257,United States,US,Entertainment,911.0,79.0,73.0,10853000.0,2700.0,43400.0,32600.0,520900.0,,2011.0,Aug,9.0,88.2,328239523.0,14.7,270663028.0,37.09024,-95.712891,276750.0,0.011579497907949791,275.43651150627613,15.0,11-15 yrs
269,Diana and Roma EN,23900000,7213499085.0,People & Blogs,Diana and Roma EN,511,United States,US,Entertainment,787.0,79.0,73.0,177769000.0,44400.0,711100.0,533300.0,8500000.0,300000.0,2011.0,Dec,22.0,88.2,328239523.0,14.7,270663028.0,37.09024,-95.712891,4516650.0,0.18898117154811717,301.82004539748954,15.0,11-15 yrs
270,Venus Entertainment,23800000,5663125358.0,Entertainment,Venus Entertainment,70,,,Entertainment,367929.0,,2500.0,31633.0,8.0,127.0,95.0,1500.0,,2016.0,May,17.0,,,,,,,797.5,3.350840336134454e-05,237.94644361344538,10.0,7-10 yrs
271,Troom Troom,23800000,10414479943.0,Howto & Style,Troom Troom,2425,United States,US,Howto,412.0,80.0,8.0,98052000.0,24500.0,392200.0,294200.0,4700000.0,100000.0,2015.0,Sep,12.0,88.2,328239523.0,14.7,270663028.0,37.09024,-95.712891,2497100.0,0.10492016806722688,437.58319088235294,11.0,11-15 yrs
272,Enrique Iglesias,23800000,17688774915.0,Music,Enrique Iglesias,443,United States,US,Music,154.0,80.0,77.0,122914000.0,30700.0,491700.0,368700.0,5900000.0,100000.0,2007.0,Apr,12.0,88.2,328239523.0,14.7,270663028.0,37.09024,-95.712891,3134350.0,0.1316953781512605,743.2258367647058,19.0,15+ yrs
273,Ninja,23700000,2543809954.0,Gaming,Ninja,1732,United States,US,Games,3590.0,81.0,19.0,8368000.0,2100.0,33500.0,25100.0,401700.0,,2011.0,Nov,11.0,88.2,328239523.0,14.7,270663028.0,37.09024,-95.712891,213400.0,0.0090042194092827,107.33375333333333,15.0,11-15 yrs
274,FaZe Rug,23700000,7451792132.0,Gaming,FaZeRug,0,Canada,CA,Games,4057944.0,3885.0,7268.0,,0.0,0.0,0.0,0.0,1.0,2012.0,Nov,30.0,68.9,36991981.0,5.56,30628482.0,56.130366,-106.346771,0.0,0.0,314.4216089451477,14.0,11-15 yrs
275,Mister Max,23700000,15510153803.0,People & Blogs,Mister Max,1099,United Kingdom,GB,Entertainment,208.0,11.0,74.0,32817000.0,8200.0,131300.0,98400.0,1600000.0,,2014.0,Sep,22.0,60.0,66834405.0,3.85,55908316.0,55.378051,-3.435973,849200.0,0.03583122362869198,654.4368693248945,12.0,11-15 yrs
276,That Little Puff,23700000,20289689389.0,Pets & Animals,That Little Puff,769,United States,US,Animals,118.0,81.0,1.0,755054000.0,188800.0,3000000.0,2300000.0,36200000.0,1100000.0,2020.0,Aug,29.0,88.2,328239523.0,14.7,270663028.0,37.09024,-95.712891,19250000.0,0.8122362869198312,856.1050375105485,6.0,4-6 yrs
277,NickyJamTV,23600000,15901824841.0,Music,NickyJamTV,392,,,Music,193.0,3.0,78.0,77927000.0,19500.0,311700.0,233800.0,3700000.0,100000.0,2012.0,Jan,10.0,,,,,,,1966900.0,0.08334322033898305,673.8061373305085,14.0,11-15 yrs
278,Juan De Dios Pantoja,23600000,2135644776.0,Entertainment,Juan De Dios Pantoja,226,Mexico,MX,People,4529.0,11.0,10.0,46862000.0,11700.0,187400.0,140600.0,2200000.0,200000.0,2014.0,Jun,9.0,40.2,126014024.0,3.42,102626859.0,23.634501,-102.552784,1170300.0,0.049588983050847454,90.49342271186441,12.0,11-15 yrs
279,Logan Paul,23600000,5994002464.0,Entertainment,Logan Paul,719,United States,US,Entertainment,1057.0,82.0,75.0,10803000.0,2700.0,43200.0,32400.0,518600.0,,2015.0,Aug,29.0,88.2,328239523.0,14.7,270663028.0,37.09024,-95.712891,275500.0,0.011673728813559322,253.9831552542373,11.0,11-15 yrs
280,Maya and Mary,23600000,6766461070.0,Entertainment,Maya and Mary,552,United States,US,Entertainment,883.0,82.0,75.0,44542000.0,11100.0,178200.0,133600.0,2100000.0,400000.0,2013.0,Aug,30.0,88.2,328239523.0,14.7,270663028.0,37.09024,-95.712891,1116800.0,0.04732203389830508,286.7144521186441,13.0,11-15 yrs
281,Peppa Pig Espaï¿½ï¿½ï¿½ï¿½ï¿½ï¿½ï¿½ï¿½ï¿½,23600000,7920637200.0,Film & Animation,Peppa Pig Espaï¿½ï¿½ï¿½ï¿½ï¿½ï¿½ï¿½ï¿½ï¿½,1251,United Kingdom,GB,Film,668.0,12.0,19.0,53589000.0,13400.0,214400.0,160800.0,2600000.0,100000.0,2014.0,Jul,28.0,60.0,66834405.0,3.85,55908316.0,55.378051,-3.435973,1380400.0,0.05849152542372881,335.6202203389831,12.0,11-15 yrs
282,Jelly,23500000,14777034543.0,Gaming,Jelly,6066,United Kingdom,GB,Games,229.0,13.0,20.0,41669000.0,10400.0,166700.0,125000.0,2000000.0,,2014.0,May,27.0,60.0,66834405.0,3.85,55908316.0,55.378051,-3.435973,1062500.0,0.04521276595744681,628.8099805531915,12.0,11-15 yrs
283,Miss Katy,23500000,14696994366.0,People & Blogs,Miss Katy,1044,United Kingdom,GB,Entertainment,235.0,13.0,76.0,59629000.0,14900.0,238500.0,178900.0,2900000.0,,2014.0,Nov,17.0,60.0,66834405.0,3.85,55908316.0,55.378051,-3.435973,1539450.0,0.06550851063829788,625.4040155744681,12.0,11-15 yrs
284,Tilak,23400000,9465863821.0,Film & Animation,Tilak,6672,India,IN,Film,493.0,56.0,20.0,367347000.0,91800.0,1500000.0,1100000.0,17600000.0,900000.0,2020.0,Oct,10.0,28.1,1366417754.0,5.36,471031528.0,20.593684,78.96288,9350000.0,0.3995726495726496,404.52409491452994,6.0,4-6 yrs
285,Valentina Pontes ofc,23400000,7926899136.0,Film & Animation,Valentina Pontes ofc,1291,Brazil,BR,Entertainment,667.0,14.0,77.0,28285000.0,7100.0,113100.0,84900.0,1400000.0,,2014.0,Apr,14.0,51.3,212559417.0,12.08,183241641.0,-14.235004,-51.92528,742450.0,0.03172863247863248,338.75637333333333,12.0,11-15 yrs
286,Sesame Street,23300000,22471357411.0,Entertainment,Sesame Street,3657,United States,US,Entertainment,99.0,83.0,78.0,124187000.0,31000.0,496700.0,372600.0,6000000.0,100000.0,2006.0,Jan,16.0,88.2,328239523.0,14.7,270663028.0,37.09024,-95.712891,3186300.0,0.1367510729613734,964.4359403862661,20.0,15+ yrs
287,Happy Lives,23200000,2634.0,Science & Technology,Happy Lives,1,United States,US,Entertainment,4053372.0,84.0,79.0,6589000000.0,0.0,0.0,0.0,0.0,100000.0,2016.0,Mar,15.0,88.2,328239523.0,14.7,270663028.0,37.09024,-95.712891,0.0,0.0,0.00011353448275862069,10.0,7-10 yrs
288,Lady Gaga,23200000,15751661213.0,People & Blogs,Lady Gaga,172,United States,US,Music,198.0,83.0,79.0,143169000.0,35800.0,572700.0,429500.0,6900000.0,100000.0,2008.0,May,15.0,88.2,328239523.0,14.7,270663028.0,37.09024,-95.712891,3664750.0,0.15796336206896552,678.9509143534483,18.0,15+ yrs
289,Akshay Nagwadiya,23200000,7966720147.0,Entertainment,Akshay Nagwadiya,595,,,Entertainment,660.0,,79.0,321179000.0,80300.0,1300000.0,963500.0,15400000.0,900000.0,2017.0,Oct,25.0,,,,,,,8181750.0,0.3526616379310345,343.39310978448276,9.0,7-10 yrs
290,Wave Music Bhojpuri,23100000,12889240875.0,Music,Wave Music Bhojpuri,22578,India,IN,Music,293.0,59.0,81.0,52678000.0,13200.0,210700.0,158000.0,2500000.0,100000.0,2014.0,Aug,10.0,28.1,1366417754.0,5.36,471031528.0,20.593684,78.96288,1329000.0,0.05753246753246753,557.9757954545455,12.0,11-15 yrs
291,GMM GRAMMY OFFICIAL,23100000,25579831081.0,Music,GMM GRAMMY OFFICIAL,15462,Thailand,TH,Music,68.0,4.0,81.0,130233000.0,32600.0,520900.0,390700.0,6300000.0,,2010.0,Nov,8.0,49.3,69625582.0,0.75,35294600.0,15.870032,100.992541,3345350.0,0.14482034632034632,1107.3519948484848,16.0,15+ yrs
292,TED,23100000,2551113422.0,People & Blogs,TED,4445,United States,US,Tech,3568.0,85.0,4.0,13246000.0,3300.0,53000.0,39700.0,635800.0,100000.0,2006.0,Dec,6.0,88.2,328239523.0,14.7,270663028.0,37.09024,-95.712891,337750.0,0.014621212121212122,110.43781047619048,20.0,15+ yrs
293,unknown boy varun,23100000,9299371231.0,Music,unknown boy varun,456,India,IN,Music,506.0,58.0,80.0,304021000.0,76000.0,1200000.0,912100.0,14600000.0,700000.0,2016.0,Sep,27.0,28.1,1366417754.0,5.36,471031528.0,20.593684,78.96288,7756050.0,0.33575974025974026,402.57018316017314,10.0,7-10 yrs
294,Kids TV - Nursery Rhymes And Baby Songs,23100000,13151870846.0,Shows,Kids TV - Nursery Rhymes And Baby Songs,3781,United States,US,Music,282.0,85.0,81.0,128448000.0,32100.0,513800.0,385300.0,6200000.0,700000.0,2013.0,Aug,30.0,88.2,328239523.0,14.7,270663028.0,37.09024,-95.712891,3292650.0,0.14253896103896105,569.3450582683982,13.0,11-15 yrs
295,Tsuriki Show,23000000,31494513067.0,Entertainment,Tsuriki Show,2905,Germany,DE,Comedy,34.0,1.0,15.0,756717000.0,189200.0,3000000.0,2300000.0,36300000.0,800000.0,2019.0,Jul,10.0,70.2,83132799.0,3.04,64324835.0,51.165691,10.451526,19300000.0,0.8391304347826087,1369.3266550869566,7.0,7-10 yrs
296,Technical Guruji,23000000,3378047383.0,Science & Technology,Technical Guruji,5041,India,IN,Tech,2420.0,60.0,5.0,22262000.0,5600.0,89000.0,66800.0,1100000.0,,2015.0,Oct,19.0,28.1,1366417754.0,5.36,471031528.0,20.593684,78.96288,583400.0,0.02536521739130435,146.8716253478261,11.0,11-15 yrs
297,DrossRotzank,23000000,6041264489.0,Entertainment,DrossRotzank,1598,Argentina,AR,Entertainment,1040.0,5.0,80.0,35539000.0,8900.0,142200.0,106600.0,1700000.0,100000.0,2006.0,Mar,9.0,90.0,44938712.0,9.79,41339571.0,-38.416097,-63.616672,903300.0,0.03927391304347826,262.6636734347826,20.0,15+ yrs
298,White Hill Music,23000000,10939966484.0,Entertainment,White Hill Music,5718,India,IN,Music,382.0,60.0,82.0,93183000.0,23300.0,372700.0,279500.0,4500000.0,100000.0,2014.0,Mar,23.0,28.1,1366417754.0,5.36,471031528.0,20.593684,78.96288,2389750.0,0.10390217391304347,475.6507166956522,12.0,11-15 yrs
299,Ultra Movie Parlour,22900000,5320485069.0,Movies,Ultra Movie Parlour,1670,India,IN,Film,1248.0,61.0,22.0,118846000.0,0.0,0.0,0.0,0.0,300000.0,2011.0,May,17.0,28.1,1366417754.0,5.36,471031528.0,20.593684,78.96288,0.0,0.0,232.3355925327511,15.0,11-15 yrs
300,Alan Becker,22900000,5380073627.0,Film & Animation,Alan Becker,0,United States,US,Games,4057944.0,7700.0,7453.0,,0.0,0.0,0.0,0.0,1.0,2006.0,Mar,21.0,88.2,328239523.0,14.7,270663028.0,37.09024,-95.712891,0.0,0.0,234.9377129694323,20.0,15+ yrs
301,toyorbabytv,22900000,16298342829.0,Music,toyorbabytv,1159,Jordan,JO,Music,181.0,2.0,83.0,169056000.0,42300.0,676200.0,507200.0,8100000.0,300000.0,2012.0,Nov,1.0,34.4,10101694.0,14.72,9213048.0,30.585164,36.238414,4303600.0,0.1879301310043668,711.7180274672489,14.0,11-15 yrs
302,BabyBus - Canciones Infantiles & Videos para Niï¿½ï,22900000,13206471140.0,Education,BabyBus - Canciones Infantiles & Videos paraï¿½,1251,Mexico,MX,Education,278.0,12.0,17.0,136821000.0,34200.0,547300.0,410500.0,6600000.0,200000.0,2018.0,Mar,19.0,40.2,126014024.0,3.42,102626859.0,23.634501,-102.552784,3505250.0,0.15306768558951966,576.7017965065502,8.0,7-10 yrs
303,KL BRO Biju Rithvik,22800000,17988347989.0,Entertainment,KL BRO Biju Rithvik,1841,,,Entertainment,143.0,,79.0,2033000000.0,508100.0,8100000.0,6100000.0,97600000.0,3200000.0,2020.0,Jul,21.0,,,,,,,51850000.0,2.2741228070175437,788.9626310964912,6.0,4-6 yrs
304,Vania Mania Kids,22700000,10115316784.0,People & Blogs,Vania Mania Kids,985,United States,US,Education,438.0,87.0,18.0,155215000.0,38800.0,620900.0,465600.0,7500000.0,300000.0,2015.0,Sep,9.0,88.2,328239523.0,14.7,270663028.0,37.09024,-95.712891,3982800.0,0.17545374449339207,445.6086688986784,11.0,11-15 yrs
305,Like Nastya PRT,22700000,11568118121.0,Entertainment,Like Nastya PRT,654,,,Entertainment,344.0,,82.0,96613000.0,24200.0,386500.0,289800.0,4600000.0,100000.0,2019.0,Apr,9.0,,,,,,,2444900.0,0.10770484581497797,509.60872779735683,7.0,7-10 yrs
306,Sun TV,22600000,20847038152.0,People & Blogs,Sun TV,60964,India,IN,Entertainment,109.0,63.0,82.0,982238000.0,245600.0,3900000.0,2900000.0,47100000.0,600000.0,2016.0,Feb,26.0,28.1,1366417754.0,5.36,471031528.0,20.593684,78.96288,25000000.0,1.1061946902654867,922.435316460177,10.0,7-10 yrs
307,Heroindori,22600000,9223534599.0,Comedy,Heroindori,495,India,IN,Entertainment,508.0,62.0,81.0,399152000.0,99800.0,1600000.0,1200000.0,19200000.0,1400000.0,2020.0,Jun,29.0,28.1,1366417754.0,5.36,471031528.0,20.593684,78.96288,10200000.0,0.45132743362831856,408.1209999557522,6.0,4-6 yrs
308,The Chainsmokers,22600000,14231943358.0,Music,The Chainsmokers,180,United States,US,Music,246.0,88.0,84.0,81660000.0,20400.0,326600.0,245000.0,3900000.0,100000.0,2012.0,Sep,22.0,88.2,328239523.0,14.7,270663028.0,37.09024,-95.712891,2072500.0,0.09170353982300886,629.7320069911505,14.0,11-15 yrs
309,mmoshaya,22600000,17507060680.0,People & Blogs,mmoshaya,1189,Saudi Arabia,SA,Entertainment,156.0,1.0,83.0,73829000.0,18500.0,295300.0,221500.0,3500000.0,100000.0,2010.0,Dec,11.0,68.0,34268528.0,5.93,28807838.0,23.885942,45.079162,1860750.0,0.08233407079646017,774.6487026548673,16.0,15+ yrs
310,Sia,22600000,13405849040.0,Music,Sia,171,United States,US,Music,273.0,88.0,84.0,95253000.0,23800.0,381000.0,285800.0,4600000.0,,2007.0,Nov,19.0,88.2,328239523.0,14.7,270663028.0,37.09024,-95.712891,2442900.0,0.1080929203539823,593.179161061947,19.0,15+ yrs
311,LeoNata Family,22600000,27084848152.0,People & Blogs,LeoNata Family,2321,United States,US,People,57.0,87.0,11.0,1174000000.0,293500.0,4700000.0,3500000.0,56300000.0,1300000.0,2021.0,Sep,28.0,88.2,328239523.0,14.7,270663028.0,37.09024,-95.712891,29900000.0,1.323008849557522,1198.4446084955753,5.0,4-6 yrs
312,Goldmines Cineplex,22500000,2431154438.0,Film & Animation,Goldmines Cineplex,3377,India,IN,Film,3793.0,64.0,23.0,48740000.0,12200.0,195000.0,146200.0,2300000.0,200000.0,2015.0,Sep,12.0,28.1,1366417754.0,5.36,471031528.0,20.593684,78.96288,1223100.0,0.05436,108.05130835555556,11.0,11-15 yrs
313,Vlad and Niki Arabic,22500000,10613701948.0,,Vlad and Niki Arabic,526,United States,US,Entertainment,399.0,89.0,84.0,65066000.0,16300.0,260300.0,195200.0,3100000.0,100000.0,2018.0,Nov,9.0,88.2,328239523.0,14.7,270663028.0,37.09024,-95.712891,1647600.0,0.07322666666666666,471.72008657777775,8.0,7-10 yrs
314,SSundee,22500000,13835173331.0,Gaming,SSundee,3315,United States,US,Games,261.0,90.0,21.0,175094000.0,43800.0,700400.0,525300.0,8400000.0,200000.0,2009.0,Nov,28.0,88.2,328239523.0,14.7,270663028.0,37.09024,-95.712891,4462650.0,0.19834,614.8965924888889,17.0,15+ yrs
315,Paulo Londra,22400000,8040036209.0,Music,Paulo Londra,58,Argentina,AR,Music,648.0,6.0,85.0,72242000.0,18100.0,289000.0,216700.0,3500000.0,,2016.0,Aug,8.0,90.0,44938712.0,9.79,41339571.0,-38.416097,-63.616672,1858350.0,0.08296205357142857,358.9301879017857,10.0,7-10 yrs
316,Smile Family,22300000,8663830163.0,People & Blogs,SMILE Family,34,France,FR,Music,3805801.0,3046.0,4509.0,735.0,0.18,3.0,2.0,35.0,10.0,2019.0,Nov,3.0,65.6,67059887.0,8.43,54123364.0,46.227638,2.213749,18.5,8.295964125560538e-07,388.5125633632287,7.0,7-10 yrs
317,FGTeeV,22300000,24059336857.0,Gaming,FGTeeV,1724,United States,US,Games,77.0,91.0,22.0,132110000.0,33000.0,528400.0,396300.0,6300000.0,100000.0,2013.0,May,24.0,88.2,328239523.0,14.7,270663028.0,37.09024,-95.712891,3348150.0,0.15014125560538116,1078.8940294618835,13.0,11-15 yrs
318,Kinder Spielzeug Kanal (Kidibli),22200000,11136266461.0,Entertainment,Kinder Spielzeug Kanal (Kidibli),999,United States,US,Entertainment,370.0,92.0,86.0,139333000.0,34800.0,557300.0,418000.0,6700000.0,200000.0,2015.0,Sep,25.0,88.2,328239523.0,14.7,270663028.0,37.09024,-95.712891,3559000.0,0.16031531531531532,501.6336243693694,11.0,11-15 yrs
319,Charlie Puth,22000000,9924807127.0,Music,Charlie Puth,157,United States,US,Music,449.0,94.0,86.0,111500000.0,27900.0,446000.0,334500.0,5400000.0,100000.0,2009.0,Sep,9.0,88.2,328239523.0,14.7,270663028.0,37.09024,-95.712891,2867250.0,0.13032954545454545,451.1275966818182,17.0,15+ yrs
320,Vlad and Niki ESP,22000000,8594440895.0,,Vlad and Niki ESP,515,United States,US,Entertainment,591.0,93.0,87.0,183871000.0,46000.0,735500.0,551600.0,8800000.0,200000.0,2018.0,Oct,11.0,88.2,328239523.0,14.7,270663028.0,37.09024,-95.712891,4675800.0,0.21253636363636363,390.65640431818184,8.0,7-10 yrs
321,Sagawa /ï¿½ï¿½ï¿½,22000000,18347969186.0,Entertainment,Sagawa /ï¿½ï¿½ï¿½,6274,Japan,JP,Entertainment,144.0,3.0,88.0,711254000.0,177800.0,2800000.0,2100000.0,34100000.0,800000.0,2021.0,Feb,13.0,63.2,126226568.0,2.29,115782416.0,36.204824,138.252924,18100000.0,0.8227272727272728,833.9985993636363,5.0,4-6 yrs
322,Ben Azelart,21900000,4454917643.0,Film & Animation,Ben Azelart,301,United States,US,Entertainment,1620.0,94.0,88.0,184946000.0,46200.0,739800.0,554800.0,8900000.0,500000.0,2014.0,Jun,5.0,88.2,328239523.0,14.7,270663028.0,37.09024,-95.712891,4727400.0,0.21586301369863015,203.42089694063927,12.0,11-15 yrs
323,Zach Choi ASMR,21900000,5918314128.0,People & Blogs,Zach Choi ASMR,946,United States,US,People,1069.0,94.0,12.0,234222000.0,58600.0,936900.0,702700.0,11200000.0,400000.0,2014.0,Jul,5.0,88.2,328239523.0,14.7,270663028.0,37.09024,-95.712891,5951350.0,0.2717511415525114,270.24265424657534,12.0,11-15 yrs
324,Topper Guild,21900000,15552070846.0,Comedy,Topper Guild,816,United States,US,Comedy,204.0,91.0,16.0,687028000.0,171800.0,2700000.0,2100000.0,33000000.0,1900000.0,2014.0,Jul,9.0,88.2,328239523.0,14.7,270663028.0,37.09024,-95.712891,17550000.0,0.8013698630136986,710.1402212785388,12.0,11-15 yrs
325,Disney Latinoamï¿½ï¿½,21900000,20657571751.0,Entertainment,disneylatinoamerica,116,Mexico,MX,Music,1277277.0,2973.0,4085.0,4719.0,1.0,19.0,14.0,227.0,,2008.0,Apr,7.0,40.2,126014024.0,3.42,102626859.0,23.634501,-102.552784,120.5,5.502283105022831e-06,943.2681164840183,18.0,15+ yrs
326,Stokes Twins,21800000,4469711607.0,People & Blogs,Stokes Twins,257,United States,US,People,1610.0,95.0,13.0,197953000.0,49500.0,791800.0,593900.0,9500000.0,600000.0,2008.0,Apr,11.0,88.2,328239523.0,14.7,270663028.0,37.09024,-95.712891,5046950.0,0.23151146788990826,205.0326425229358,18.0,15+ yrs
327,National Geographic,21800000,5614621131.0,Science & Technology,National Geographic,10162,United States,US,Entertainment,1158.0,95.0,89.0,45812000.0,11500.0,183200.0,137400.0,2200000.0,100000.0,2006.0,May,7.0,88.2,328239523.0,14.7,270663028.0,37.09024,-95.712891,1168700.0,0.053610091743119266,257.55142802752295,20.0,15+ yrs
328,Dua Lipa,21800000,11288359365.0,Music,Dua Lipa,164,United Kingdom,GB,Music,368.0,14.0,87.0,128047000.0,32000.0,512200.0,384100.0,6100000.0,100000.0,2011.0,Feb,5.0,60.0,66834405.0,3.85,55908316.0,55.378051,-3.435973,3242050.0,0.14871788990825688,517.8146497706422,15.0,11-15 yrs
329,OneDirectionVEVO,21800000,12140232004.0,Music,OneDirectionVEVO,266,United Kingdom,GB,Music,322.0,14.0,87.0,51134000.0,12800.0,204500.0,153400.0,2500000.0,,2010.0,Dec,4.0,60.0,66834405.0,3.85,55908316.0,55.378051,-3.435973,1326700.0,0.06085779816513762,556.8913763302752,16.0,15+ yrs
330,Rotana,21800000,19329351143.0,Music,rotana5018,135,,,Music,926975.0,,2709.0,10571.0,3.0,42.0,32.0,507.0,100.0,2011.0,Oct,27.0,,,,,,,269.5,1.2362385321100918e-05,886.6674836238532,15.0,11-15 yrs
331,Netflix India,21800000,7780934187.0,People & Blogs,NETFLIX INDIA,1,,,People,4052308.0,,7665.0,408.0,0.0,0.0,0.0,0.0,,2017.0,Sep,24.0,,,,,,,0.0,0.0,356.923586559633,9.0,7-10 yrs
332,Sourav Joshi Vlogs,21700000,9392093496.0,People & Blogs,Sourav Joshi Vlogs,1390,,,People,498.0,,13.0,265336000.0,66300.0,1100000.0,796000.0,12700000.0,400000.0,2019.0,Feb,19.0,,,,,,,6748000.0,0.3109677419354839,432.81536847926264,7.0,7-10 yrs
333,ZAMZAM ELECTRONICS TRADING,21700000,8507818877.0,,ZAMZAM ELECTRONICS TRADING,15126,United Arab Emirates,AE,People,608.0,4.0,14.0,1598000000.0,399600.0,6400000.0,4800000.0,76700000.0,3400000.0,2020.0,Dec,19.0,36.8,9770529.0,2.35,8479744.0,23.424076,53.847818,40750000.0,1.8778801843317972,392.06538603686636,6.0,4-6 yrs
334,DUDU e CAROL,21600000,9597894786.0,Autos & Vehicles,DUDU e CAROL,2942,Brazil,BR,Entertainment,481.0,15.0,90.0,193174000.0,48300.0,772700.0,579500.0,9300000.0,300000.0,2013.0,Mar,2.0,51.3,212559417.0,12.08,183241641.0,-14.235004,-51.92528,4939750.0,0.22869212962962962,444.34698083333336,13.0,11-15 yrs
335,Village Cooking Channel,21600000,5863377051.0,Howto & Style,Village Cooking Channel,219,India,IN,Howto,1082.0,66.0,9.0,194604000.0,48700.0,778400.0,583800.0,9300000.0,400000.0,2018.0,Apr,25.0,28.1,1366417754.0,5.36,471031528.0,20.593684,78.96288,4941900.0,0.22879166666666667,271.45264125,8.0,7-10 yrs
336,Eva Bravo Play,21600000,9346383505.0,Entertainment,Eva Bravo Play,228,United States,US,Entertainment,507.0,96.0,90.0,63919000.0,16000.0,255700.0,191800.0,3100000.0,,2019.0,May,7.0,88.2,328239523.0,14.7,270663028.0,37.09024,-95.712891,1645900.0,0.07619907407407407,432.7029400462963,7.0,7-10 yrs
337,Tekashi 6ix9ine,21500000,5890180734.0,People & Blogs,Tekashi 6ix9ine,51,United States,US,Music,1081.0,96.0,88.0,113542000.0,28400.0,454200.0,340600.0,5400000.0,200000.0,2018.0,Apr,6.0,88.2,328239523.0,14.7,270663028.0,37.09024,-95.712891,2870300.0,0.13350232558139535,273.96189460465115,8.0,7-10 yrs
338,Tlnovelas,21500000,15013096899.0,News & Politics,tlnovelas,158,Mexico,MX,Entertainment,1936958.0,2063.0,2940.0,15459.0,4.0,62.0,46.0,742.0,,2014.0,Jan,2.0,40.2,126014024.0,3.42,102626859.0,23.634501,-102.552784,394.0,1.8325581395348838e-05,698.2835766976744,12.0,11-15 yrs
339,SMOL,21500000,22065582014.0,People & Blogs,Claudio,6,,,Music,4057657.0,,5782.0,3.0,0.0,0.01,0.01,0.14,,2006.0,Apr,2.0,,,,,,,0.07500000000000001,3.4883720930232562e-09,1026.3061401860466,20.0,15+ yrs
340,invictor,21500000,8409641722.0,Gaming,INVICTOR,17,Chile,CL,People,4038708.0,2889.0,7518.0,49.0,0.01,0.2,0.15,2.0,4.0,2016.0,Jul,26.0,88.5,18952038.0,7.09,16610135.0,-35.675147,-71.542969,1.075,5e-08,391.14612660465116,10.0,7-10 yrs
341,YOLO,21400000,1573058816.0,Comedy,YOLO,0,Germany,DE,,4057944.0,3810.0,,,0.0,0.0,0.0,0.0,5.0,2013.0,Jun,11.0,70.2,83132799.0,3.04,64324835.0,51.165691,10.451526,0.0,0.0,73.50742130841121,13.0,11-15 yrs
342,Sidhu Moose Wala,21400000,6264261757.0,Music,Sidhu Moose Wala,114,India,IN,Music,987.0,67.0,89.0,160690000.0,40200.0,642800.0,482100.0,7700000.0,500000.0,2017.0,Oct,30.0,28.1,1366417754.0,5.36,471031528.0,20.593684,78.96288,4091050.0,0.19117056074766356,292.7225120093458,9.0,7-10 yrs
343,The Royalty Family,21300000,6269945014.0,People & Blogs,The Royalty Family,733,United States,US,People,982.0,98.0,15.0,160227000.0,40100.0,640900.0,480700.0,7700000.0,200000.0,2017.0,Apr,13.0,88.2,328239523.0,14.7,270663028.0,37.09024,-95.712891,4090350.0,0.19203521126760564,294.3636156807512,9.0,7-10 yrs
344,Becky G,21300000,10644857969.0,Music,Becky G,78,United States,US,Music,396.0,98.0,90.0,103171000.0,25800.0,412700.0,309500.0,5000000.0,100000.0,2011.0,Sep,6.0,88.2,328239523.0,14.7,270663028.0,37.09024,-95.712891,2654750.0,0.12463615023474178,499.7585900938967,15.0,11-15 yrs
345,Ishaan Ali 11,21300000,12761253839.0,People & Blogs,Ishaan Ali 11,951,India,IN,People,301.0,68.0,16.0,729409000.0,182400.0,2900000.0,2200000.0,35000000.0,1600000.0,2016.0,Jul,27.0,28.1,1366417754.0,5.36,471031528.0,20.593684,78.96288,18600000.0,0.8732394366197183,599.1198985446009,10.0,7-10 yrs
346,Infinite,21300000,5141834668.0,Entertainment,Infinite,1608,United States,US,Entertainment,1296.0,98.0,93.0,68350000.0,17100.0,273400.0,205100.0,3300000.0,200000.0,2014.0,Aug,21.0,88.2,328239523.0,14.7,270663028.0,37.09024,-95.712891,1752550.0,0.08227934272300469,241.40068863849766,12.0,11-15 yrs
347,Azhan5star,21300000,10047736580.0,Entertainment,Azhan5star,669,India,IN,Entertainment,436.0,67.0,92.0,236293000.0,59100.0,945200.0,708900.0,11300000.0,600000.0,2021.0,Feb,2.0,28.1,1366417754.0,5.36,471031528.0,20.593684,78.96288,6004450.0,0.28189906103286383,471.7247220657277,5.0,4-6 yrs
348,Dangal TV Channel,21300000,12895427184.0,Entertainment,Dangal TV Channel,20225,India,IN,Entertainment,291.0,67.0,92.0,561020000.0,140300.0,2200000.0,1700000.0,26900000.0,700000.0,2017.0,Aug,2.0,28.1,1366417754.0,5.36,471031528.0,20.593684,78.96288,14300000.0,0.6713615023474179,605.4191166197184,9.0,7-10 yrs
349,Khan GS Research Centre,21200000,2073073070.0,Education,KHAN GS RESEARCH CENTRE,1,,,People,4057930.0,,7727.0,,0.0,0.0,0.0,0.0,,2017.0,Jan,5.0,,,,,,,0.0,0.0,97.78646556603773,9.0,7-10 yrs
350,GMA Public  Affairs,21200000,11364908616.0,Entertainment,GMA Public  Affairs,31989,Philippines,PH,News,359.0,4.0,7.0,142317000.0,35600.0,569300.0,427000.0,6800000.0,200000.0,2009.0,Aug,8.0,35.5,108116615.0,2.15,50975903.0,12.879721,121.774017,3613500.0,0.17044811320754716,536.0805950943396,17.0,15+ yrs
351,Tasty,21100000,5783557209.0,Howto & Style,Tasty,4728,United States,US,Howto,1113.0,99.0,10.0,24691000.0,6200.0,98800.0,74100.0,1200000.0,,2016.0,Jan,22.0,88.2,328239523.0,14.7,270663028.0,37.09024,-95.712891,637050.0,0.030191943127962084,274.10223739336493,10.0,7-10 yrs
352,Baim Paula,21100000,4526271677.0,People & Blogs,Baim Paula,2325,Indonesia,ID,Entertainment,1583.0,8.0,94.0,26974000.0,6700.0,107900.0,80900.0,1300000.0,100000.0,2016.0,Jun,4.0,36.3,270203917.0,4.69,151509724.0,-0.789275,113.921327,690450.0,0.032722748815165875,214.51524535545025,10.0,7-10 yrs
353,nigahiga,21000000,4380564906.0,Entertainment,nigahiga,403,United States,US,Entertainment,1671.0,100.0,95.0,2476000.0,619.0,9900.0,7400.0,118900.0,,2006.0,Jul,21.0,88.2,328239523.0,14.7,270663028.0,37.09024,-95.712891,63150.0,0.003007142857142857,208.59832885714286,20.0,15+ yrs
354,Rafa & Luiz,21000000,7762905663.0,Entertainment,Rafa & Luiz,2883,Brazil,BR,Entertainment,695.0,16.0,94.0,118410000.0,29600.0,473600.0,355200.0,5700000.0,400000.0,2015.0,Aug,26.0,51.3,212559417.0,12.08,183241641.0,-14.235004,-51.92528,3027600.0,0.14417142857142856,369.6621744285714,11.0,11-15 yrs
355,Lyrical Lemonade,21000000,10631638628.0,Entertainment,Lyrical Lemonade,420,United States,US,Entertainment,398.0,100.0,95.0,80062000.0,20000.0,320200.0,240200.0,3800000.0,100000.0,2013.0,Mar,25.0,88.2,328239523.0,14.7,270663028.0,37.09024,-95.712891,2020100.0,0.0961952380952381,506.2685060952381,13.0,11-15 yrs
356,Vlad and Niki IDN,21000000,9789121606.0,,Vlad and Niki IDN,498,United States,US,Entertainment,464.0,100.0,95.0,133362000.0,33300.0,533400.0,400100.0,6400000.0,300000.0,2018.0,Nov,9.0,88.2,328239523.0,14.7,270663028.0,37.09024,-95.712891,3400050.0,0.16190714285714286,466.1486479047619,8.0,7-10 yrs
357,Dr. Vivek Bindra: Motivational Speaker,20900000,1693149479.0,Education,Dr. Vivek Bindra: Motivational Speaker,896,India,IN,Education,6082.0,69.0,20.0,28588000.0,7100.0,114400.0,85800.0,1400000.0,100000.0,2013.0,Dec,6.0,28.1,1366417754.0,5.36,471031528.0,20.593684,78.96288,742900.0,0.03554545454545455,81.01193679425838,13.0,11-15 yrs
358,Fatos Desconhecidos,20900000,3828000587.0,Entertainment,Fatos Desconhecidos,6262,Brazil,BR,Entertainment,2033.0,17.0,96.0,52330000.0,13100.0,209300.0,157000.0,2500000.0,100000.0,2013.0,Sep,26.0,51.3,212559417.0,12.08,183241641.0,-14.235004,-51.92528,1328500.0,0.06356459330143541,183.1579228229665,13.0,11-15 yrs
359,Brave Wilderness,20900000,4927879069.0,Pets & Animals,Brave Wilderness,982,United States,US,Animals,1396.0,100.0,2.0,2989000.0,0.0,0.0,0.0,0.0,100000.0,2014.0,Sep,8.0,88.2,328239523.0,14.7,270663028.0,37.09024,-95.712891,0.0,0.0,235.78368751196172,12.0,11-15 yrs
360,LIV Crime,20900000,11058049885.0,People & Blogs,LIV Crime,9850,United States,US,People,372.0,100.0,17.0,383700000.0,95900.0,1500000.0,1200000.0,18400000.0,600000.0,2020.0,Aug,18.0,88.2,328239523.0,14.7,270663028.0,37.09024,-95.712891,9800000.0,0.4688995215311005,529.0932959330144,6.0,4-6 yrs
361,Minecraft - Topic,20900000,0.0,,Minecraft - Topic,0,,,Games,4057944.0,,24.0,,0.0,0.0,0.0,0.0,300000.0,2013.0,Dec,20.0,,,,,,,0.0,0.0,0.0,13.0,11-15 yrs
362,Romeo Santos,20900000,17324976752.0,Music,RomeoSantos,6,United States,US,Music,2595710.0,5417.0,4067.0,99.0,0.02,0.4,0.3,5.0,,2006.0,Jul,31.0,88.2,328239523.0,14.7,270663028.0,37.09024,-95.712891,2.65,1.2679425837320573e-07,828.9462560765551,20.0,15+ yrs
363,Canal Canalha,20800000,1870608170.0,Comedy,Canal Canalha,288,Brazil,BR,Comedy,5407.0,18.0,18.0,23897000.0,6000.0,95600.0,71700.0,1100000.0,,2011.0,Apr,8.0,51.3,212559417.0,12.08,183241641.0,-14.235004,-51.92528,585850.0,0.028165865384615383,89.93308509615385,15.0,11-15 yrs
364,Kurzgesagt ï¿½ï¿½ï¿½ï¿½ï¿½ï¿,20800000,2378448129.0,Education,Kurzgesagt ï¿½ï¿½ï¿½ï¿½ï¿½ï¿,193,Germany,DE,Education,3914.0,2.0,21.0,29269000.0,7300.0,117100.0,87800.0,1400000.0,100000.0,2013.0,Jul,9.0,70.2,83132799.0,3.04,64324835.0,51.165691,10.451526,743900.0,0.035764423076923076,114.34846774038462,13.0,11-15 yrs
365,Yoeslan,20700000,17963202261.0,Entertainment,Yoeslan,619,United States,US,Entertainment,146.0,101.0,96.0,874796000.0,218700.0,3500000.0,2600000.0,42000000.0,1000000.0,2020.0,Sep,26.0,88.2,328239523.0,14.7,270663028.0,37.09024,-95.712891,22300000.0,1.077294685990338,867.7875488405797,6.0,4-6 yrs
366,5-Minute Crafts DIY,20700000,5091618606.0,Howto & Style,5-Minute Crafts DIY,5062,United States,US,Howto,1334.0,103.0,11.0,20012000.0,5000.0,80000.0,60000.0,960600.0,,2018.0,Jan,18.0,88.2,328239523.0,14.7,270663028.0,37.09024,-95.712891,510300.0,0.024652173913043477,245.97191333333333,8.0,7-10 yrs
367,Zach King,20700000,5410164682.0,Entertainment,Zach King,6,,,Entertainment,3997461.0,,4664.0,125.0,0.03,0.5,0.38,6.0,10.0,2013.0,Jun,5.0,,,,,,,3.19,1.5410628019323672e-07,261.3606126570048,13.0,11-15 yrs
368,tuzelity SHUFFLE,20700000,8658941531.0,People & Blogs,tuzelity SHUFFLE,889,Russia,RU,People,570.0,3.0,18.0,552266000.0,138100.0,2200000.0,1700000.0,26500000.0,1600000.0,2015.0,Oct,26.0,81.9,144373535.0,4.59,107683889.0,61.52401,105.318756,14100000.0,0.6811594202898551,418.30635415458937,11.0,11-15 yrs
369,NBA,20700000,12624879732.0,Sports,NBA,47926,United States,US,Sports,304.0,103.0,4.0,73025000.0,18300.0,292100.0,219100.0,3500000.0,,2005.0,Nov,21.0,88.2,328239523.0,14.7,270663028.0,37.09024,-95.712891,1859550.0,0.08983333333333333,609.8975715942029,21.0,15+ yrs
370,Deddy Corbuzier,20600000,4956090094.0,Entertainment,deddycorbuzier,15,Indonesia,ID,Entertainment,3539124.0,4044.0,6217.0,85.0,0.02,0.34,0.26,4.0,1.0,2007.0,Jul,23.0,36.3,270203917.0,4.69,151509724.0,-0.789275,113.921327,2.13,1.0339805825242718e-07,240.5868977669903,19.0,15+ yrs
371,Bizarrap,20600000,7657171980.0,Comedy,Bizarrap,83,Argentina,AR,Entertainment,711.0,8.0,98.0,193176000.0,48300.0,772700.0,579500.0,9300000.0,200000.0,2017.0,Jan,15.0,90.0,44938712.0,9.79,41339571.0,-38.416097,-63.616672,4939750.0,0.23979368932038836,371.70737766990294,9.0,7-10 yrs
372,Avicii,20600000,10292874715.0,Music,Avicii,156,Sweden,SE,Music,421.0,1.0,92.0,81236000.0,20300.0,324900.0,243700.0,3900000.0,,2009.0,Oct,28.0,67.0,10285453.0,6.48,9021165.0,60.128161,18.643501,2071850.0,0.1005752427184466,499.6541123786408,17.0,15+ yrs
373,Mnet K-POP,20500000,15038593883.0,Entertainment,Mnet K-POP,33229,South Korea,KR,Entertainment,220.0,7.0,99.0,158540000.0,39600.0,634200.0,475600.0,7600000.0,100000.0,2006.0,Mar,9.0,94.3,51709098.0,4.15,42106719.0,35.907757,127.766922,4037800.0,0.19696585365853658,733.5899455121951,20.0,15+ yrs
374,LazarBeam,20500000,8768697257.0,Gaming,LazarBeam,1323,Australia,AU,Games,565.0,3.0,25.0,26082000.0,6500.0,104300.0,78200.0,1300000.0,,2015.0,Jan,4.0,113.1,25766605.0,5.27,21844756.0,-25.274398,133.775136,689100.0,0.033614634146341464,427.7413296097561,11.0,11-15 yrs
375,Ninja Kidz TV,20500000,11009148579.0,Entertainment,Ninja Kidz TV,296,United States,US,Entertainment,377.0,104.0,99.0,195203000.0,48800.0,780800.0,585600.0,9400000.0,100000.0,2017.0,Feb,9.0,88.2,328239523.0,14.7,270663028.0,37.09024,-95.712891,4992800.0,0.24355121951219513,537.031638,9.0,7-10 yrs
376,Totoy kids - Portuguï¿½,20400000,1796227417.0,Film & Animation,Totoy kids - Portuguï¿½,206,Brazil,BR,Film,5673.0,19.0,24.0,39495000.0,9900.0,158000.0,118500.0,1900000.0,100000.0,2014.0,Dec,2.0,51.3,212559417.0,12.08,183241641.0,-14.235004,-51.92528,1009250.0,0.04947303921568628,88.05036357843137,12.0,11-15 yrs
377,Jake Paul,20400000,7311322368.0,People & Blogs,Jake Paul,1006,United States,US,People,778.0,105.0,19.0,14646000.0,3700.0,58600.0,43900.0,703000.0,100000.0,2013.0,Sep,19.0,88.2,328239523.0,14.7,270663028.0,37.09024,-95.712891,373450.0,0.01830637254901961,358.39815529411766,13.0,11-15 yrs
378,Linkin Park,20400000,13397000296.0,Music,linkinpark,0,Afghanistan,AF,Games,4057944.0,1385.0,7136.0,,0.0,0.0,0.0,0.0,12.0,2006.0,Nov,28.0,9.7,38041754.0,11.12,9797273.0,33.93911,67.709953,0.0,0.0,656.7157007843138,20.0,15+ yrs
379,Vijay Television,20400000,29406206620.0,Entertainment,Vijay Television,51515,India,IN,Entertainment,43.0,70.0,100.0,907534000.0,226900.0,3600000.0,2700000.0,43600000.0,400000.0,2007.0,Feb,1.0,28.1,1366417754.0,5.36,471031528.0,20.593684,78.96288,23150000.0,1.1348039215686274,1441.4807166666667,19.0,15+ yrs
380,SlivkiShow,20400000,4707412332.0,Entertainment,SlivkiShow,462,Ukraine,UA,Entertainment,1489.0,1.0,100.0,28990000.0,7200.0,116000.0,87000.0,1400000.0,,2012.0,Dec,11.0,82.7,44385155.0,8.88,30835699.0,48.379433,31.16558,743500.0,0.03644607843137255,230.75550647058824,14.0,11-15 yrs
381,Emiway Bantai,20400000,3579555124.0,Music,Emiway Bantai,239,India,IN,Music,2236.0,70.0,94.0,41289000.0,10300.0,165200.0,123900.0,2000000.0,100000.0,2013.0,May,3.0,28.1,1366417754.0,5.36,471031528.0,20.593684,78.96288,1061950.0,0.05205637254901961,175.46838843137255,13.0,11-15 yrs
382,Got Talent Global,20300000,2441288701.0,Entertainment,Got Talent Global,1245,United Kingdom,GB,Entertainment,3750.0,15.0,101.0,86457000.0,21600.0,345800.0,259400.0,4100000.0,100000.0,2013.0,Jan,31.0,60.0,66834405.0,3.85,55908316.0,55.378051,-3.435973,2179700.0,0.10737438423645321,120.26052714285714,13.0,11-15 yrs
383,ýýýýýýýýýýýýýýý - Genevieve's Playhouse,20300000,11022391339.0,Education,ýýýýýýýýýýýýýýý - Genevieve's Playhouse,107,,,Education,380.0,,22.0,71777000.0,17900.0,287100.0,215300.0,3400000.0,200000.0,2018.0,Jul,22.0,,,,,,,1807650.0,0.08904679802955665,542.9749428078818,8.0,7-10 yrs
384,BabyBus - Cerita & Lagu Anak-anak,20300000,11819051552.0,Education,BabyBus - Cerita & Lagu Anak-anak,875,Indonesia,ID,Education,332.0,10.0,22.0,112768000.0,28200.0,451100.0,338300.0,5400000.0,100000.0,2019.0,Jan,14.0,36.3,270203917.0,4.69,151509724.0,-0.789275,113.921327,2869150.0,0.14133743842364532,582.219288275862,7.0,7-10 yrs
385,Ami Rodriguez,20200000,2951914200.0,Entertainment,Ami Rodriguez,460,Colombia,CO,Entertainment,2959.0,7.0,103.0,263864000.0,66000.0,1100000.0,791600.0,12700000.0,1600000.0,2009.0,Jul,20.0,55.3,50339443.0,9.71,40827302.0,4.570868,-74.297333,6745800.0,0.33395049504950497,146.13436633663366,17.0,15+ yrs
386,Noor Stars,20200000,2764127969.0,Comedy,Noor Stars,693,United Arab Emirates,AE,Entertainment,3238.0,5.0,102.0,15556000.0,3900.0,62200.0,46700.0,746700.0,100000.0,2014.0,Apr,24.0,36.8,9770529.0,2.35,8479744.0,23.424076,53.847818,396700.0,0.01963861386138614,136.83801826732673,12.0,11-15 yrs
387,Family GamesTV,20200000,7066711323.0,Entertainment,FamilyGamesTV,0,,,Games,4057944.0,,7492.0,,0.0,0.0,0.0,0.0,,2012.0,Dec,29.0,,,,,,,0.0,0.0,349.8371942079208,14.0,11-15 yrs
388,Kiddiestv Hindi - Nursery Rhymes & Kids Songs,20200000,7274150246.0,Education,Kiddiestv Hindi - Nursery Rhymes & Kids Songs,226,India,IN,Education,780.0,71.0,23.0,113420000.0,28400.0,453700.0,340300.0,5400000.0,300000.0,2017.0,May,25.0,28.1,1366417754.0,5.36,471031528.0,20.593684,78.96288,2870150.0,0.14208663366336632,360.1064478217822,9.0,7-10 yrs
389,dednahype,20200000,20919403720.0,Comedy,dednahype,1935,Latvia,LV,Comedy,108.0,1.0,19.0,1245000000.0,311200.0,5000000.0,3700000.0,59800000.0,1200000.0,2020.0,Mar,20.0,88.1,1912789.0,6.52,1304943.0,56.879635,24.603189,31750000.0,1.5717821782178218,1035.6140455445545,6.0,4-6 yrs
390,Marta and Rustam,20200000,19694265358.0,Comedy,Marta and Rustam,761,United States,US,Comedy,126.0,106.0,20.0,452250000.0,113100.0,1800000.0,1400000.0,21700000.0,600000.0,2021.0,Jun,21.0,88.2,328239523.0,14.7,270663028.0,37.09024,-95.712891,11550000.0,0.5717821782178217,974.9636315841584,5.0,4-6 yrs
391,MiawAug,20200000,6098644584.0,Gaming,MiawAug,3713,Indonesia,ID,Games,1023.0,11.0,27.0,64489000.0,16100.0,258000.0,193500.0,3100000.0,200000.0,2014.0,Mar,15.0,36.3,270203917.0,4.69,151509724.0,-0.789275,113.921327,1646750.0,0.08152227722772278,301.91309821782176,12.0,11-15 yrs
392,CookieSwirlC,20100000,23353115850.0,Entertainment,CookieSwirlC,3774,United States,US,Games,86.0,108.0,28.0,221702000.0,55400.0,886800.0,665100.0,10600000.0,200000.0,2013.0,Nov,3.0,88.2,328239523.0,14.7,270663028.0,37.09024,-95.712891,5632550.0,0.280226368159204,1161.8465597014924,13.0,11-15 yrs
393,Skrillex,20100000,6618524158.0,Music,Skrillex,241,United States,US,Music,905.0,108.0,95.0,25263000.0,6300.0,101100.0,75800.0,1200000.0,,2010.0,Apr,6.0,88.2,328239523.0,14.7,270663028.0,37.09024,-95.712891,637900.0,0.0317363184079602,329.2798088557214,16.0,15+ yrs
394,AuthenticGames,20100000,8920141342.0,Gaming,AuthenticGames,4974,Brazil,BR,Games,549.0,20.0,28.0,5420000.0,1400.0,21700.0,16300.0,260200.0,,2011.0,Oct,7.0,51.3,212559417.0,12.08,183241641.0,-14.235004,-51.92528,138250.0,0.006878109452736318,443.7881264676617,15.0,11-15 yrs
395,Robin Hood Gamer,20100000,10366850490.0,Entertainment,Homem Aranha player,0,,,Games,4057944.0,,7471.0,,0.0,0.0,0.0,0.0,,2013.0,Mar,16.0,,,,,,,0.0,0.0,515.7637059701492,13.0,11-15 yrs
396,Pencilmation,20100000,11317309935.0,Film & Animation,Pencilmation,1481,United States,US,Entertainment,366.0,109.0,104.0,14862000.0,3700.0,59400.0,44600.0,713400.0,100000.0,2007.0,Feb,1.0,88.2,328239523.0,14.7,270663028.0,37.09024,-95.712891,379000.0,0.018855721393034826,563.0502455223881,19.0,15+ yrs
397,7clouds,20100000,14816075927.0,Music,7clouds,2384,United States,US,Music,227.0,108.0,95.0,276751000.0,69200.0,1100000.0,830300.0,13300000.0,300000.0,2013.0,May,25.0,88.2,328239523.0,14.7,270663028.0,37.09024,-95.712891,7065150.0,0.3515,737.1182053233831,13.0,11-15 yrs
398,5-Minute Crafts PLAY,20100000,6119294270.0,Howto & Style,5-Minute Crafts PLAY,5491,United States,US,Howto,1014.0,108.0,12.0,105784000.0,26400.0,423100.0,317400.0,5100000.0,100000.0,2017.0,Oct,30.0,88.2,328239523.0,14.7,270663028.0,37.09024,-95.712891,2708700.0,0.13476119402985073,304.4425009950249,9.0,7-10 yrs
399,Marvel Entertainment,20100000,5634695322.0,Entertainment,MarvelEntertainment,1,United States,US,Film,4054962.0,6143.0,4024.0,63.0,0.02,0.25,0.19,3.0,30.0,2011.0,May,10.0,88.2,328239523.0,14.7,270663028.0,37.09024,-95.712891,1.595,7.935323383084577e-08,280.33310059701495,15.0,11-15 yrs
400,BuzzFeedVideo,20100000,17913237851.0,People & Blogs,BuzzFeedVideo,7737,United States,US,People,150.0,108.0,20.0,9112000.0,2300.0,36400.0,27300.0,437400.0,,2011.0,Aug,10.0,88.2,328239523.0,14.7,270663028.0,37.09024,-95.712891,232350.0,0.011559701492537313,891.2058632338309,15.0,11-15 yrs
401,REACT,20000000,13154314376.0,Entertainment,REACT,4339,United States,US,Entertainment,281.0,109.0,104.0,23206000.0,5800.0,92800.0,69600.0,1100000.0,,2007.0,Jun,4.0,88.2,328239523.0,14.7,270663028.0,37.09024,-95.712891,584800.0,0.02924,657.7157188,19.0,15+ yrs
402,Vevo,20000000,559765455.0,Music,Vevo,1527,United States,US,Music,22747.0,109.0,96.0,1331000.0,333.0,5300.0,4000.0,63900.0,,2006.0,Apr,14.0,88.2,328239523.0,14.7,270663028.0,37.09024,-95.712891,33950.0,0.0016975,27.98827275,20.0,15+ yrs
403,Gordon Ramsay,20000000,3875172235.0,Entertainment,Gordon Ramsay,1527,United Kingdom,GB,Entertainment,2001.0,16.0,104.0,39228000.0,9800.0,156900.0,117700.0,1900000.0,200000.0,2006.0,Apr,29.0,60.0,66834405.0,3.85,55908316.0,55.378051,-3.435973,1008850.0,0.0504425,193.75861175,20.0,15+ yrs
404,Pentatonix,20000000,6033295543.0,Music,pentatonix,1,Canada,CA,Entertainment,4051673.0,4072.0,6742.0,,0.0,0.0,0.0,0.0,,2006.0,Mar,9.0,68.9,36991981.0,5.56,30628482.0,56.130366,-106.346771,0.0,0.0,301.66477715,20.0,15+ yrs
405,Green Gold TV - Official Channel,20000000,9715291883.0,Film & Animation,Green Gold TV - Official Channel,1476,India,IN,Entertainment,473.0,72.0,104.0,70278000.0,0.0,0.0,0.0,0.0,100000.0,2011.0,Jul,1.0,28.1,1366417754.0,5.36,471031528.0,20.593684,78.96288,0.0,0.0,485.76459415,15.0,11-15 yrs
406,Gusttavo Lima Oficial,19900000,13917423958.0,Music,Gusttavo Lima Oficial,416,Brazil,BR,Music,258.0,21.0,97.0,214803000.0,53700.0,859200.0,644400.0,10300000.0,100000.0,2010.0,Nov,9.0,51.3,212559417.0,12.08,183241641.0,-14.235004,-51.92528,5472200.0,0.2749849246231156,699.3680380904523,16.0,15+ yrs
407,HaerteTest,19800000,3234880084.0,Science & Technology,HaerteTest,1411,Germany,DE,Tech,2583.0,3.0,6.0,5650000.0,1400.0,22600.0,17000.0,271200.0,,2011.0,Sep,6.0,70.2,83132799.0,3.04,64324835.0,51.165691,10.451526,144100.0,0.007277777777777778,163.37778202020203,15.0,11-15 yrs
408,Crafty Panda,19800000,5759442450.0,People & Blogs,Crafty Panda,760,United States,US,Entertainment,1120.0,111.0,105.0,6137000.0,1500.0,24500.0,18400.0,294600.0,100000.0,2017.0,Dec,3.0,88.2,328239523.0,14.7,270663028.0,37.09024,-95.712891,156500.0,0.007904040404040405,290.8809318181818,9.0,7-10 yrs
409,SOMOY TV,19800000,12293479945.0,News & Politics,TIME NEWS,9930,United States,US,News,1291541.0,2251.0,1555.0,16229.0,4.0,65.0,49.0,779.0,,2013.0,Nov,16.0,88.2,328239523.0,14.7,270663028.0,37.09024,-95.712891,414.0,2.090909090909091e-05,620.8828255050505,13.0,11-15 yrs
410,JennaMarbles,19700000,1803249241.0,Comedy,JennaMarbles,250,United States,US,Comedy,5665.0,112.0,21.0,3769000.0,942.0,15100.0,11300.0,180900.0,,2010.0,Feb,16.0,88.2,328239523.0,14.7,270663028.0,37.09024,-95.712891,96100.0,0.004878172588832487,91.53549446700508,16.0,15+ yrs
411,Troom Troom Es,19700000,7452667615.0,People & Blogs,Troom Troom Es,2912,,,Howto,747.0,,13.0,29387000.0,7300.0,117500.0,88200.0,1400000.0,100000.0,2016.0,Feb,5.0,,,,,,,744100.0,0.037771573604060915,378.30800076142134,10.0,7-10 yrs
412,Official Pink Panther,19700000,10955619815.0,Film & Animation,OfficialPinkPanther,1,United States,US,Games,4052414.0,7741.0,7494.0,,0.0,0.0,0.0,0.0,,2011.0,Oct,6.0,88.2,328239523.0,14.7,270663028.0,37.09024,-95.712891,0.0,0.0,556.122833248731,15.0,11-15 yrs
413,Britain's Got Talent,19700000,11323617496.0,Entertainment,Britain's Got Talent,4225,United Kingdom,GB,Entertainment,364.0,17.0,106.0,54192000.0,13500.0,216800.0,162600.0,2600000.0,100000.0,2008.0,Apr,12.0,60.0,66834405.0,3.85,55908316.0,55.378051,-3.435973,1381300.0,0.07011675126903553,574.8029185786802,18.0,15+ yrs
414,SCTV,19700000,9808676159.0,Entertainment,SCTV,267,United Kingdom,GB,Music,2831648.0,3695.0,4668.0,336.0,0.08,1.0,1.0,16.0,,2006.0,Mar,25.0,60.0,66834405.0,3.85,55908316.0,55.378051,-3.435973,8.5,4.314720812182741e-07,497.9023430964467,20.0,15+ yrs
415,AS Gaming,19600000,2851024430.0,Gaming,ASGaming,17,United States,US,Games,3857915.0,7711.0,7464.0,23.0,0.01,0.09,0.07,1.0,,2009.0,Mar,5.0,88.2,328239523.0,14.7,270663028.0,37.09024,-95.712891,0.535,2.729591836734694e-08,145.46043010204082,17.0,15+ yrs
416,Sony AATH,19600000,13930021471.0,Shows,Sony AATH,18661,United States,US,Entertainment,257.0,112.0,106.0,274212000.0,68600.0,1100000.0,822600.0,13200000.0,300000.0,2013.0,Nov,13.0,88.2,328239523.0,14.7,270663028.0,37.09024,-95.712891,7011300.0,0.35771938775510204,710.7153811734694,13.0,11-15 yrs
417,tabii Urdu,19600000,8779729549.0,Entertainment,tabii Urdu,1306,Turkey,TR,Entertainment,562.0,3.0,107.0,110806000.0,27700.0,443200.0,332400.0,5300000.0,100000.0,2020.0,Apr,17.0,23.9,83429615.0,13.49,63097818.0,38.963745,35.243322,2816200.0,0.14368367346938776,447.94538515306124,6.0,4-6 yrs
418,DaFuq!?Boom!,19600000,7906181776.0,Film & Animation,DaFuq!?Boom!,214,United States,US,Entertainment,656.0,112.0,106.0,2304000000.0,576000.0,9200000.0,6900000.0,110600000.0,6700000.0,2016.0,Jun,6.0,88.2,328239523.0,14.7,270663028.0,37.09024,-95.712891,58750000.0,2.997448979591837,403.3766212244898,10.0,7-10 yrs
419,Clash of Clans,19600000,3961318438.0,Gaming,Clash of Clans,674,United States,US,Games,1934.0,113.0,30.0,22292000.0,5600.0,89200.0,66900.0,1100000.0,,2013.0,Jan,31.0,88.2,328239523.0,14.7,270663028.0,37.09024,-95.712891,583450.0,0.029767857142857145,202.10808357142858,13.0,11-15 yrs
420,RKD Studios,19500000,5234251168.0,Entertainment,RKD Studios,847,India,IN,Entertainment,1265.0,74.0,108.0,59841000.0,0.0,0.0,0.0,0.0,300000.0,2014.0,Mar,14.0,28.1,1366417754.0,5.36,471031528.0,20.593684,78.96288,0.0,0.0,268.4231368205128,12.0,11-15 yrs
421,DLS News,19400000,2255542592.0,News & Politics,DLS News,4750,India,IN,News,4178.0,74.0,8.0,32111000.0,8000.0,128400.0,96300.0,1500000.0,100000.0,2017.0,Jul,5.0,28.1,1366417754.0,5.36,471031528.0,20.593684,78.96288,798150.0,0.041141752577319585,116.26508206185567,9.0,7-10 yrs
422,JukiLop,19400000,1577859332.0,People & Blogs,JukiLop,85,Mexico,MX,People,6674.0,14.0,22.0,2382000.0,595.0,9500.0,7100.0,114300.0,100000.0,2017.0,Sep,15.0,40.2,126014024.0,3.42,102626859.0,23.634501,-102.552784,60700.0,0.0031288659793814433,81.33295525773195,9.0,7-10 yrs
423,etvteluguindia,19400000,23038014291.0,Entertainment,etvteluguindia,125974,India,IN,Entertainment,88.0,75.0,109.0,272917000.0,68200.0,1100000.0,818800.0,13100000.0,200000.0,2010.0,Mar,15.0,28.1,1366417754.0,5.36,471031528.0,20.593684,78.96288,6959400.0,0.3587319587628866,1187.5265098453608,16.0,15+ yrs
424,FIFA,19400000,5529131886.0,Sports,FIFA,10728,Switzerland,CH,Sports,1186.0,1.0,5.0,58863000.0,14700.0,235500.0,176600.0,2800000.0,100000.0,2006.0,Sep,6.0,59.6,8574832.0,4.58,6332428.0,46.818188,8.227512,1488300.0,0.07671649484536082,285.0067982474227,20.0,15+ yrs
425,Manoj  parihar,19300000,264228052.0,,Manoj  parihar,335,India,IN,Howto,48846.0,75.0,14.0,37167000.0,9300.0,148700.0,111500.0,1800000.0,300000.0,2021.0,Mar,2.0,28.1,1366417754.0,5.36,471031528.0,20.593684,78.96288,955750.0,0.049520725388601035,13.690572642487046,5.0,4-6 yrs
426,Vsauce,19300000,2897907132.0,Science & Technology,Vsauce,462,,,Entertainment,3024.0,,110.0,69614000.0,17400.0,278500.0,208800.0,3300000.0,100000.0,2007.0,Jul,30.0,,,,,,,1754400.0,0.09090155440414507,150.15062860103626,19.0,15+ yrs
427,Unbox Therapy,19300000,4508184467.0,Science & Technology,Unbox Therapy,2175,,,Tech,1596.0,,7.0,16718000.0,4200.0,66900.0,50200.0,802500.0,1100000.0,2010.0,Dec,21.0,,,,,,,426350.0,0.022090673575129532,233.58468740932642,16.0,15+ yrs
428,shane,19200000,4329121104.0,People & Blogs,shane,570,United States,US,Comedy,1705.0,114.0,22.0,2730000.0,683.0,10900.0,8200.0,131100.0,,2005.0,Sep,22.0,88.2,328239523.0,14.7,270663028.0,37.09024,-95.712891,69650.0,0.0036276041666666666,225.4750575,21.0,15+ yrs
429,Sonotek,19200000,7590582024.0,Entertainment,Sonotek,8285,India,IN,Music,724.0,77.0,98.0,28678000.0,7200.0,114700.0,86000.0,1400000.0,100000.0,2011.0,Jan,11.0,28.1,1366417754.0,5.36,471031528.0,20.593684,78.96288,743000.0,0.038697916666666665,395.34281375,15.0,11-15 yrs
430,Jimmy Kimmel Live,19100000,13124645973.0,Entertainment,Jimmy Kimmel Live,6526,United States,US,Comedy,283.0,115.0,23.0,17243000.0,4300.0,69000.0,51700.0,827600.0,,2006.0,Sep,20.0,88.2,328239523.0,14.7,270663028.0,37.09024,-95.712891,439650.0,0.023018324607329842,687.1542394240838,20.0,15+ yrs
431,TheOdd1sOut,19100000,4566120190.0,Comedy,TheOdd1sOut,139,United States,US,Comedy,1568.0,115.0,23.0,30986000.0,7700.0,123900.0,93000.0,1500000.0,,2014.0,Aug,30.0,88.2,328239523.0,14.7,270663028.0,37.09024,-95.712891,796500.0,0.04170157068062827,239.06388429319372,12.0,11-15 yrs
432,Goldmines Great Indian Comedy,19100000,5194942269.0,Film & Animation,Goldmines Great Indian Comedy,2948,,,Film,1279.0,,26.0,65920000.0,16500.0,263700.0,197800.0,3200000.0,200000.0,2016.0,Aug,29.0,,,,,,,1698900.0,0.08894764397905759,271.9865062303665,10.0,7-10 yrs
433,Lil Nas X,19100000,6339584661.0,Music,Lil Nas X,37,,,Music,966.0,,99.0,46192000.0,11500.0,184800.0,138600.0,2200000.0,,2018.0,May,19.0,,,,,,,1169300.0,0.06121989528795811,331.9154272774869,8.0,7-10 yrs
434,ýýýýýýýýýýýýýý ýýýý,19000000,4924054368.0,Education,ýýýýýýýýýýýýýý ýýýý,60,United States,US,Entertainment,1399.0,116.0,111.0,21587000.0,5400.0,86300.0,64800.0,1000000.0,100000.0,2018.0,Feb,20.0,88.2,328239523.0,14.7,270663028.0,37.09024,-95.712891,532400.0,0.028021052631578947,259.1607562105263,8.0,7-10 yrs
435,SUPER SLICK SLIME SAM,19000000,7229175322.0,Howto & Style,SUPER SLICK SLIME SAM,903,Mexico,MX,Howto,786.0,15.0,111.0,123338000.0,30800.0,493400.0,370000.0,5900000.0,200000.0,2018.0,Jan,23.0,40.2,126014024.0,3.42,102626859.0,23.634501,-102.552784,3135000.0,0.165,380.48291168421053,8.0,7-10 yrs
436,Wow Kidz Action,19000000,8281724393.0,Film & Animation,Wow Kidz Action,1525,India,IN,Entertainment,618.0,78.0,111.0,105706000.0,26400.0,422800.0,317100.0,5100000.0,200000.0,2017.0,Nov,8.0,28.1,1366417754.0,5.36,471031528.0,20.593684,78.96288,2708550.0,0.14255526315789474,435.8802312105263,9.0,7-10 yrs
437,Turma da Mï¿½ï¿½,19000000,13824277846.0,Film & Animation,Turma da Mï¿½ï¿½,1154,Brazil,BR,Film,260.0,22.0,27.0,76903000.0,19200.0,307600.0,230700.0,3700000.0,100000.0,2012.0,Jul,30.0,51.3,212559417.0,12.08,183241641.0,-14.235004,-51.92528,1965350.0,0.10343947368421053,727.5935708421052,14.0,11-15 yrs
438,Calvin Harris,19000000,16014044618.0,Music,Calvin Harris,79,United Kingdom,GB,Music,191.0,18.0,99.0,102410000.0,25600.0,409600.0,307200.0,4900000.0,100000.0,2007.0,Feb,11.0,60.0,66834405.0,3.85,55908316.0,55.378051,-3.435973,2603600.0,0.13703157894736842,842.8444535789474,19.0,15+ yrs
439,KBS WORLD TV,19000000,15126092508.0,Entertainment,KBS WORLD TV,64496,South Korea,KR,Entertainment,217.0,8.0,111.0,107989000.0,27000.0,432000.0,324000.0,5200000.0,,2007.0,Jan,6.0,94.3,51709098.0,4.15,42106719.0,35.907757,127.766922,2762000.0,0.1453684210526316,796.110132,19.0,15+ yrs
440,HiMan,18900000,2855519150.0,People & Blogs,HiMan,375,Russia,RU,Entertainment,3094.0,4.0,112.0,24563000.0,6100.0,98300.0,73700.0,1200000.0,,2014.0,Oct,16.0,81.9,144373535.0,4.59,107683889.0,61.52401,105.318756,636850.0,0.033695767195767196,151.0856693121693,12.0,11-15 yrs
441,Masha e o Urso,18900000,8301731337.0,Shows,Masha e o Urso,0,,,,4057944.0,,,,0.0,0.0,0.0,0.0,2.0,2014.0,Feb,20.0,,,,,,,0.0,0.0,439.2450442857143,12.0,11-15 yrs
442,Little Angel Espaï¿½ï¿½ï¿½ï¿½ï¿½ï¿½ï¿½ï¿½ï¿½,18900000,9813245108.0,Education,Little Angel Espaï¿½ï¿½ï¿½ï¿½ï¿½ï¿½ï¿½ï¿½ï¿½,719,Mexico,MX,Education,459.0,16.0,24.0,140398000.0,35100.0,561600.0,421200.0,6700000.0,,2018.0,Jan,26.0,40.2,126014024.0,3.42,102626859.0,23.634501,-102.552784,3560600.0,0.1883915343915344,519.2193178835979,8.0,7-10 yrs
443,TED-Ed,18800000,3654621568.0,Education,TED-Ed,2072,United States,US,Education,2163.0,117.0,25.0,29874000.0,7500.0,119500.0,89600.0,1400000.0,100000.0,2011.0,Mar,1.0,88.2,328239523.0,14.7,270663028.0,37.09024,-95.712891,744800.0,0.03961702127659574,194.39476425531916,15.0,11-15 yrs
444,Sidemen,18800000,5257834105.0,Entertainment,Sidemen,312,United Kingdom,GB,Entertainment,1263.0,19.0,113.0,78158000.0,19500.0,312600.0,234500.0,3800000.0,100000.0,2015.0,Jun,14.0,60.0,66834405.0,3.85,55908316.0,55.378051,-3.435973,2017250.0,0.10730053191489362,279.67202686170214,11.0,11-15 yrs
445,Cardi B,18800000,7634430188.0,People & Blogs,Cardi B,9,,,,4054469.0,,,7.0,0.0,0.03,0.02,0.34,,2017.0,Aug,15.0,,,,,,,0.18000000000000002,9.574468085106384e-09,406.08671212765955,9.0,7-10 yrs
446,Busy Fun Ltd,18800000,7762077012.0,,TG MAYANK YT,2,,,,4057882.0,,,,0.0,0.0,0.0,0.0,,2021.0,Dec,21.0,,,,,,,0.0,0.0,412.8764368085106,5.0,4-6 yrs
447,Farruko,18800000,9573641299.0,Music,Farruko,217,United States,US,Music,485.0,117.0,100.0,97758000.0,24400.0,391000.0,293300.0,4700000.0,100000.0,2009.0,Oct,30.0,88.2,328239523.0,14.7,270663028.0,37.09024,-95.712891,2496650.0,0.1328005319148936,509.2362393085106,17.0,15+ yrs
448,ýýýýýýýýýýýýýýýýýýýýýý,18800000,9594188708.0,Entertainment,ýýýýýýýýýýýýýýýýýýýýýý,530,Ukraine,UA,Entertainment,483.0,2.0,113.0,68006000.0,17000.0,272000.0,204000.0,3300000.0,100000.0,2014.0,Oct,20.0,82.7,44385155.0,8.88,30835699.0,48.379433,31.16558,1752000.0,0.09319148936170213,510.32918659574466,12.0,11-15 yrs
449,Triggered Insaan,18800000,3276891538.0,Comedy,Triggered Insaan,304,India,IN,People,2508.0,79.0,24.0,109026000.0,27300.0,436100.0,327100.0,5200000.0,700000.0,2014.0,Jul,17.0,28.1,1366417754.0,5.36,471031528.0,20.593684,78.96288,2763550.0,0.14699734042553192,174.30274138297872,12.0,11-15 yrs
450,CKN,18700000,12295637162.0,Entertainment,cKn,16,Spain,ES,Music,3188353.0,4093.0,5631.0,102.0,0.03,0.41,0.31,5.0,1.0,2005.0,Sep,26.0,88.9,47076781.0,13.96,37927409.0,40.463667,-3.74922,2.655,1.4197860962566845e-07,657.5207038502674,21.0,15+ yrs
451,Ali-A,18700000,6148303268.0,Gaming,ali-a,2,,,People,4053443.0,,7729.0,1.0,0.0,0.0,0.0,0.05,,2016.0,Jul,7.0,,,,,,,0.025,1.3368983957219252e-09,328.7862710160428,10.0,7-10 yrs
452,Shemaroo Comedy,18600000,6047584292.0,Entertainment,Shemaroo Comedy,4487,India,IN,Comedy,1033.0,81.0,24.0,102431000.0,25600.0,409700.0,307300.0,4900000.0,200000.0,2007.0,Jan,31.0,28.1,1366417754.0,5.36,471031528.0,20.593684,78.96288,2603650.0,0.13998118279569893,325.13894043010754,19.0,15+ yrs
453,Smile Family Spanish,18600000,7008250496.0,,Smile Family Spanish,457,United States,US,Entertainment,830.0,118.0,115.0,43396000.0,10800.0,173600.0,130200.0,2100000.0,200000.0,2019.0,Jun,19.0,88.2,328239523.0,14.7,270663028.0,37.09024,-95.712891,1115100.0,0.05995161290322581,376.78766107526883,7.0,7-10 yrs
454,GRAMMY GOLD OFFICIAL,18600000,20196704276.0,Music,GRAMMY GOLD OFFICIAL,6287,Thailand,TH,Music,121.0,5.0,101.0,168597000.0,42100.0,674400.0,505800.0,8100000.0,100000.0,2014.0,Jan,15.0,49.3,69625582.0,0.75,35294600.0,15.870032,100.992541,4302900.0,0.23133870967741935,1085.8443159139786,12.0,11-15 yrs
455,ýýýýýýýý ýýýýýýýýýý ýýýýýýýýýý | Arab Games Network,18600000,8761255550.0,Gaming,ýýýýýýýý ýýýýýýýýýý ýýýýýýýýýý | Arab Games ýýý,6289,Saudi Arabia,SA,Games,566.0,3.0,31.0,43007000.0,10800.0,172000.0,129000.0,2100000.0,500000.0,2013.0,Nov,29.0,68.0,34268528.0,5.93,28807838.0,23.885942,45.079162,1114500.0,0.05991935483870968,471.0352446236559,13.0,11-15 yrs
456,Dan-Sa / Daniel Saboya,18500000,2908120896.0,Music,Dan-Sa / Daniel Saboya,1329,Brazil,BR,Music,45213.0,24.0,102.0,6148000000.0,0.0,0.0,0.0,0.0,100000.0,2007.0,Sep,22.0,51.3,212559417.0,12.08,183241641.0,-14.235004,-51.92528,0.0,0.0,157.1957241081081,19.0,15+ yrs
457,Marmok,18500000,3457618361.0,Gaming,Marmok,374,Russia,RU,Games,2356.0,5.0,32.0,38282000.0,9600.0,153100.0,114800.0,1800000.0,100000.0,2008.0,Apr,27.0,81.9,144373535.0,4.59,107683889.0,61.52401,105.318756,957400.0,0.05175135135135135,186.89828978378378,18.0,15+ yrs
458,The ACE Family,18500000,4558380251.0,People & Blogs,The ACE Family,712,,,People,1572.0,,25.0,2835000.0,709.0,11300.0,8500.0,136100.0,,2016.0,Jan,10.0,,,,,,,72300.0,0.003908108108108108,246.39893248648647,10.0,7-10 yrs
459,Like Nastya Vlog,18500000,8147575884.0,People & Blogs,Like Nastya Vlog,493,Russia,RU,People,630.0,5.0,25.0,48947000.0,12200.0,195800.0,146800.0,2300000.0,100000.0,2016.0,Jan,14.0,81.9,144373535.0,4.59,107683889.0,61.52401,105.318756,1223400.0,0.06612972972972973,440.40950724324324,10.0,7-10 yrs
460,Willie Salim,18500000,4051072188.0,People & Blogs,Willie Salim,679,Indonesia,ID,People,1868.0,13.0,25.0,197369000.0,49300.0,789500.0,592100.0,9500000.0,1600000.0,2014.0,Jan,6.0,36.3,270203917.0,4.69,151509724.0,-0.789275,113.921327,5046050.0,0.27275945945945945,218.97687502702703,12.0,11-15 yrs
461,PDK Films,18400000,4120324310.0,Entertainment,PDK Films,111,United States,US,Entertainment,1825.0,120.0,116.0,14430000.0,3600.0,57700.0,43300.0,692600.0,,2009.0,Jul,21.0,88.2,328239523.0,14.7,270663028.0,37.09024,-95.712891,367950.0,0.01999728260869565,223.93066902173913,17.0,15+ yrs
462,TheWillyrex,18400000,7038827526.0,Comedy,TheWillyrex,6943,Spain,ES,Games,825.0,7.0,33.0,11004000.0,2800.0,44000.0,33000.0,528200.0,,2011.0,Jan,26.0,88.9,47076781.0,13.96,37927409.0,40.463667,-3.74922,280600.0,0.01525,382.54497423913045,15.0,11-15 yrs
463,RsiamMusic : ï¿½ï¿½ï¿½ï¿½ï¿½ï¿½ï¿½ï¿½,18400000,11544297793.0,Music,RsiamMusic : ï¿½ï¿½ï¿½ï¿½ï¿½ï¿½ï¿½ï¿½,3159,Thailand,TH,Music,346.0,6.0,103.0,54133000.0,13500.0,216500.0,162400.0,2600000.0,100000.0,2011.0,Mar,8.0,49.3,69625582.0,0.75,35294600.0,15.870032,100.992541,1381200.0,0.07506521739130435,627.40748875,15.0,11-15 yrs
464,Dhar Mann,18400000,11280732382.0,People & Blogs,Alejandro Basalo,0,,,,4057944.0,,,,0.0,0.0,0.0,0.0,2.0,2007.0,Apr,25.0,,,,,,,0.0,0.0,613.0832816304347,19.0,15+ yrs
465,shakiraVEVO,18400000,25367126292.0,Music,shakiraVEVO,197,United States,US,Music,72.0,120.0,103.0,267126000.0,66800.0,1100000.0,801400.0,12800000.0,,2009.0,Sep,2.0,88.2,328239523.0,14.7,270663028.0,37.09024,-95.712891,6800700.0,0.36960326086956524,1378.6481680434783,17.0,15+ yrs
466,Naisa Alifia Yuriza (N.A.Y),18300000,1606834186.0,People & Blogs,Naisa Alifia Yuriza (N.A.Y),786,Indonesia,ID,Entertainment,6502.0,14.0,117.0,17063000.0,4300.0,68300.0,51200.0,819000.0,,2017.0,Jul,8.0,36.3,270203917.0,4.69,151509724.0,-0.789275,113.921327,435100.0,0.023775956284153004,87.80514677595629,9.0,7-10 yrs
467,Miley Cyrus,18300000,7760819588.0,Entertainment,Miley Cyrus,142,United States,US,Entertainment,696.0,121.0,117.0,127982000.0,32000.0,511900.0,383900.0,6100000.0,100000.0,2009.0,Sep,15.0,88.2,328239523.0,14.7,270663028.0,37.09024,-95.712891,3241950.0,0.17715573770491802,424.0885020765027,17.0,15+ yrs
468,IShowSpeed,18300000,1556003039.0,Gaming,IShowSpeed,1324,United States,US,Games,6734.0,120.0,33.0,140261000.0,35100.0,561000.0,420800.0,6700000.0,800000.0,2016.0,Mar,21.0,88.2,328239523.0,14.7,270663028.0,37.09024,-95.712891,3560400.0,0.19455737704918033,85.02748846994535,10.0,7-10 yrs
469,Good Mythical Morning,18300000,8798044678.0,Entertainment,Goodmythicalmorning,0,,,,3612215.0,3305.0,,,0.0,0.0,0.0,0.0,,2014.0,Jan,9.0,,,,,,,0.0,0.0,480.7674687431694,12.0,11-15 yrs
470,Bobby chourasiya,18200000,9937823152.0,People & Blogs,Bobby chourasiya,442,,,People,452.0,,27.0,467848000.0,117000.0,1900000.0,1400000.0,22500000.0,1000000.0,2019.0,Jan,25.0,,,,,,,11950000.0,0.6565934065934066,546.0342391208791,7.0,7-10 yrs
471,INCRï¿½ï¿,18200000,3213324455.0,People & Blogs,INCRï¿½ï¿,6903,Brazil,BR,Howto,2610.0,25.0,15.0,18045000.0,4500.0,72200.0,54100.0,866200.0,,2017.0,Jun,20.0,51.3,212559417.0,12.08,183241641.0,-14.235004,-51.92528,460150.0,0.025282967032967032,176.55628873626372,9.0,7-10 yrs
472,Jake Fellman,18100000,13378360425.0,Entertainment,Jake Fellman,420,United States,US,Entertainment,274.0,122.0,118.0,497044000.0,124300.0,2000000.0,1500000.0,23900000.0,700000.0,2012.0,Oct,13.0,88.2,328239523.0,14.7,270663028.0,37.09024,-95.712891,12700000.0,0.7016574585635359,739.135935082873,14.0,11-15 yrs
473,GEN HALILINTAR,18100000,3306242674.0,Entertainment,GEN HALILINTAR,1037,Indonesia,ID,Entertainment,2498.0,15.0,119.0,27312000.0,6800.0,109200.0,81900.0,1300000.0,,2015.0,Mar,4.0,36.3,270203917.0,4.69,151509724.0,-0.789275,113.921327,690950.0,0.03817403314917127,182.66534110497238,11.0,11-15 yrs
474,SQUEEZIE,18100000,9983065083.0,Gaming,SQUEEZIE,1521,France,FR,Entertainment,443.0,1.0,119.0,48099000.0,12000.0,192400.0,144300.0,2300000.0,100000.0,2011.0,Jan,9.0,65.6,67059887.0,8.43,54123364.0,46.227638,2.213749,1222150.0,0.0675220994475138,551.5505570718232,15.0,11-15 yrs
475,Blippi - Educational Videos for Kids,18100000,14857290259.0,Education,Blippi - Educational Videos for Kids,707,United States,US,Education,224.0,123.0,26.0,180412000.0,45100.0,721600.0,541200.0,8700000.0,300000.0,2014.0,Jan,27.0,88.2,328239523.0,14.7,270663028.0,37.09024,-95.712891,4620600.0,0.2552817679558011,820.8447656906077,12.0,11-15 yrs
476,officialpsy,18100000,10703830496.0,Music,officialpsy,131,South Korea,KR,Music,393.0,10.0,104.0,64989000.0,16200.0,260000.0,195000.0,3100000.0,,2010.0,Oct,4.0,94.3,51709098.0,4.15,42106719.0,35.907757,127.766922,1647500.0,0.09102209944751381,591.3718506077348,16.0,15+ yrs
477,Ajay Sharma,18100000,12249828886.0,Entertainment,Ajay Sharma,0,,,,4057944.0,,,,0.0,0.0,0.0,0.0,1.0,2009.0,Oct,24.0,,,,,,,0.0,0.0,676.7861262983425,17.0,15+ yrs
478,Manual do Mundo,18000000,3980991248.0,Howto & Style,Manual do Mundo,2470,Brazil,BR,Tech,1922.0,26.0,8.0,54766000.0,13700.0,219100.0,164300.0,2600000.0,100000.0,2006.0,Jul,24.0,51.3,212559417.0,12.08,183241641.0,-14.235004,-51.92528,1382150.0,0.07678611111111111,221.16618044444445,20.0,15+ yrs
479,How Ridiculous,18000000,9601137077.0,Sports,How Ridiculous,650,Australia,AU,Sports,478.0,5.0,6.0,391298000.0,97800.0,1600000.0,1200000.0,18800000.0,600000.0,2009.0,Sep,9.0,113.1,25766605.0,5.27,21844756.0,-25.274398,133.775136,10000000.0,0.5555555555555556,533.3965042777778,17.0,15+ yrs
480,And TV,18000000,15412333005.0,Entertainment,ANDtv,45,United States,US,Entertainment,4012108.0,7627.0,6667.0,4.0,0.0,0.02,0.01,0.19,,2006.0,Aug,4.0,88.2,328239523.0,14.7,270663028.0,37.09024,-95.712891,0.1,5.555555555555556e-09,856.2407225,20.0,15+ yrs
481,Sebastiï¿½ï¿½ï¿½,18000000,10463166404.0,News & Politics,Sebastiï¿½ï¿½ï¿½,237,United States,US,Music,406.0,124.0,105.0,110776000.0,27700.0,443100.0,332300.0,5300000.0,,2013.0,Mar,30.0,88.2,328239523.0,14.7,270663028.0,37.09024,-95.712891,2816150.0,0.15645277777777777,581.2870224444445,13.0,11-15 yrs
482,SonyMusicSouthVEVO,18000000,17921124985.0,Music,SonyMusicSouthVEVO,5692,United States,US,Music,148.0,123.0,104.0,257597000.0,64400.0,1000000.0,772800.0,12400000.0,100000.0,2014.0,Jul,14.0,88.2,328239523.0,14.7,270663028.0,37.09024,-95.712891,6586400.0,0.36591111111111113,995.6180547222223,12.0,11-15 yrs
483,TheGrefg,18000000,6404852037.0,Gaming,TheGrefg,3566,Spain,ES,Games,950.0,8.0,34.0,43830000.0,11000.0,175300.0,131500.0,2100000.0,,2012.0,Jan,30.0,88.9,47076781.0,13.96,37927409.0,40.463667,-3.74922,1115750.0,0.06198611111111111,355.82511316666665,14.0,11-15 yrs
484,BeatboxJCOP,18000000,8716982055.0,Film & Animation,BeatboxJCOP,748,,,Entertainment,539.0,,115.0,1375000000.0,343800.0,5500000.0,4100000.0,66000000.0,3400000.0,2011.0,Mar,12.0,,,,,,,35050000.0,1.9472222222222222,484.2767808333333,15.0,11-15 yrs
485,David Dobrik,17900000,7176572299.0,People & Blogs,David Dobrik,536,United States,US,People,801.0,125.0,28.0,8650000.0,2200.0,34600.0,26000.0,415200.0,100000.0,2014.0,Dec,19.0,88.2,328239523.0,14.7,270663028.0,37.09024,-95.712891,220600.0,0.012324022346368715,400.92582675977656,12.0,11-15 yrs
486,KatieAngel,17900000,3841205465.0,People & Blogs,KatieAngel,982,United States,US,Music,2014.0,125.0,106.0,51687000.0,12900.0,206700.0,155100.0,2500000.0,100000.0,2015.0,May,19.0,88.2,328239523.0,14.7,270663028.0,37.09024,-95.712891,1327550.0,0.07416480446927375,214.5924840782123,11.0,11-15 yrs
487,RobleisIUTU,17900000,5168721499.0,Entertainment,RobleisIUTU,1344,Argentina,AR,Games,1294.0,9.0,35.0,27545000.0,6900.0,110200.0,82600.0,1300000.0,100000.0,2013.0,Apr,15.0,90.0,44938712.0,9.79,41339571.0,-38.416097,-63.616672,691300.0,0.03862011173184358,288.7553910055866,13.0,11-15 yrs
488,Lele Pons,17900000,5244917119.0,Comedy,Lele Pons,185,United States,US,Entertainment,1264.0,125.0,121.0,18548000.0,4600.0,74200.0,55600.0,890300.0,,2015.0,Sep,19.0,88.2,328239523.0,14.7,270663028.0,37.09024,-95.712891,472950.0,0.026421787709497206,293.0121295530726,11.0,11-15 yrs
489,Demi Lovato,17900000,6888074944.0,Music,Demi Lovato,314,United States,US,Music,858.0,125.0,106.0,29182000.0,7300.0,116700.0,87500.0,1400000.0,,2008.0,Jan,30.0,88.2,328239523.0,14.7,270663028.0,37.09024,-95.712891,743750.0,0.04155027932960894,384.80865608938547,18.0,15+ yrs
490,Like Nastya VNM,17900000,9867515979.0,Entertainment,Like Nastya VNM,602,Vietnam,VN,Entertainment,455.0,1.0,121.0,84467000.0,21100.0,337900.0,253400.0,4100000.0,100000.0,2019.0,Nov,22.0,28.5,96462106.0,2.01,35332140.0,14.058324,108.277199,2176700.0,0.12160335195530726,551.2578759217877,7.0,7-10 yrs
491,Jason Derulo,17900000,9887116267.0,Music,Jason Derulo,830,United States,US,Music,446.0,124.0,105.0,447891000.0,112000.0,1800000.0,1300000.0,21500000.0,400000.0,2008.0,Jul,21.0,88.2,328239523.0,14.7,270663028.0,37.09024,-95.712891,11400000.0,0.6368715083798883,552.3528640782123,18.0,15+ yrs
492,MGC Playhouse,17900000,16174530046.0,Shows,MGC Playhouse,1426,United States,US,Education,187.0,125.0,27.0,102621000.0,25700.0,410500.0,307900.0,4900000.0,100000.0,2009.0,Feb,3.0,88.2,328239523.0,14.7,270663028.0,37.09024,-95.712891,2603950.0,0.14547206703910615,903.6050305027933,17.0,15+ yrs
493,Zuni and Family,17900000,6746269458.0,People & Blogs,zuni and family,2,,,People,4057766.0,,7733.0,4.0,0.0,0.02,0.01,0.19,,2020.0,Jul,15.0,,,,,,,0.1,5.58659217877095e-09,376.88656189944135,6.0,4-6 yrs
494,Priyal Kukreja,17800000,11057945183.0,People & Blogs,Priyal Kukreja,772,India,IN,People,378.0,83.0,29.0,431390000.0,107800.0,1700000.0,1300000.0,20700000.0,900000.0,2021.0,Apr,23.0,28.1,1366417754.0,5.36,471031528.0,20.593684,78.96288,11000000.0,0.6179775280898876,621.2328754494382,5.0,4-6 yrs
495,MSA previously My Story Animated,17800000,8588704539.0,Film & Animation,MSA Previously My Story Animated,26,United States,US,People,3976090.0,5208.0,4978.0,20708.0,5.0,83.0,62.0,994.0,2960.0,2021.0,Nov,9.0,88.2,328239523.0,14.7,270663028.0,37.09024,-95.712891,528.0,2.9662921348314606e-05,482.51149095505616,5.0,4-6 yrs
496,ýýýýýýýýý KIMPRO,17700000,19206701832.0,,ýýýýýýýýý KIMPRO,1646,South Korea,KR,People,125.0,9.0,26.0,3404000000.0,850900.0,13600000.0,10200000.0,163400000.0,3200000.0,2017.0,Nov,11.0,94.3,51709098.0,4.15,42106719.0,35.907757,127.766922,86800000.0,4.903954802259887,1085.1243972881357,9.0,7-10 yrs
497,Jane ASMR ï¿½ï¿½,17700000,7387621644.0,,Jane ASMR ï¿½ï¿½,1888,South Korea,KR,People,762.0,11.0,30.0,102803000.0,0.0,0.0,0.0,0.0,,2012.0,Nov,17.0,94.3,51709098.0,4.15,42106719.0,35.907757,127.766922,0.0,0.0,417.37975389830507,14.0,11-15 yrs
498,ArianaGrandeVevo,17700000,20115544708.0,Music,ArianaGrandeVevo,178,United States,US,Music,122.0,127.0,108.0,97422000.0,24400.0,389700.0,292300.0,4700000.0,,2010.0,Oct,21.0,88.2,328239523.0,14.7,270663028.0,37.09024,-95.712891,2496150.0,0.14102542372881355,1136.4714524293786,16.0,15+ yrs
499,jaanvi patel,17700000,7912733203.0,People & Blogs,jaanvi patel,512,India,IN,People,671.0,84.0,30.0,346753000.0,86700.0,1400000.0,1000000.0,16600000.0,900000.0,2018.0,Jul,18.0,28.1,1366417754.0,5.36,471031528.0,20.593684,78.96288,8800000.0,0.4971751412429379,447.0470736158192,8.0,7-10 yrs
500,tanboy kun,17700000,3647267655.0,People & Blogs,tanboy kun,739,Indonesia,ID,Entertainment,2169.0,17.0,122.0,48174000.0,12000.0,192700.0,144500.0,2300000.0,100000.0,2016.0,Oct,27.0,36.3,270203917.0,4.69,151509724.0,-0.789275,113.921327,1222250.0,0.06905367231638418,206.06031949152543,10.0,7-10 yrs
501,Lil Pump,17700000,4196061192.0,Music,Lil Pump,60,,,Music,1785.0,,108.0,9243000.0,0.0,0.0,0.0,0.0,,2015.0,Oct,15.0,,,,,,,0.0,0.0,237.0656040677966,11.0,11-15 yrs
502,Porta dos Fundos,17700000,7739048000.0,Entertainment,Porta dos Fundos,2240,Brazil,BR,Entertainment,705.0,27.0,123.0,35337000.0,8800.0,141300.0,106000.0,1700000.0,,2012.0,Mar,12.0,51.3,212559417.0,12.08,183241641.0,-14.235004,-51.92528,903000.0,0.051016949152542374,437.2343502824859,14.0,11-15 yrs
503,News 24,17700000,8396875537.0,News & Politics,24 ï¿½ï¿½ï¿½ï,211620,Ukraine,UA,News,880.0,24.0,112.0,370779000.0,92700.0,1500000.0,1100000.0,17800000.0,230000.0,2006.0,Feb,5.0,82.7,44385155.0,8.88,30835699.0,48.379433,31.16558,9450000.0,0.5338983050847458,474.3997478531073,20.0,15+ yrs
504,Les' Copaque Production,17700000,9059696049.0,Film & Animation,Les' Copaque Production,1716,Malaysia,MY,Entertainment,531.0,1.0,123.0,117727000.0,29400.0,470900.0,353200.0,5700000.0,200000.0,2009.0,Nov,9.0,45.1,32447385.0,3.32,24475766.0,4.210484,101.975766,3026600.0,0.17099435028248589,511.84723440677965,17.0,15+ yrs
505,El Payaso Plim Plim,17700000,17247584185.0,Film & Animation,El Payaso Plim Plim,1316,Argentina,AR,Music,162.0,10.0,107.0,640030000.0,160000.0,2600000.0,1900000.0,30700000.0,600000.0,2013.0,Oct,18.0,90.0,44938712.0,9.79,41339571.0,-38.416097,-63.616672,16300000.0,0.9209039548022598,974.4397844632769,13.0,11-15 yrs
506,zbing z.,17600000,9269174070.0,Gaming,zbing z.,3151,Thailand,TH,Games,511.0,7.0,36.0,55127000.0,13800.0,220500.0,165400.0,2600000.0,,2014.0,Mar,12.0,49.3,69625582.0,0.75,35294600.0,15.870032,100.992541,1382700.0,0.0785625,526.6576176136364,12.0,11-15 yrs
507,MissaSinfonia,17600000,2274007523.0,Comedy,MissaSinfonia,233,Mexico,MX,Comedy,4139.0,17.0,25.0,27445000.0,6900.0,109800.0,82300.0,1300000.0,100000.0,2011.0,Jan,5.0,40.2,126014024.0,3.42,102626859.0,23.634501,-102.552784,691150.0,0.03926988636363636,129.20497289772726,15.0,11-15 yrs
508,ýýýýýýýýý Liziqi,17600000,2977741577.0,Howto & Style,ýýýýýýýýý Liziqi,128,China,CN,Howto,2917.0,1.0,16.0,22354000.0,5600.0,89400.0,67100.0,1100000.0,100000.0,2017.0,Aug,22.0,50.6,1397715000.0,4.32,842933962.0,35.86166,104.195397,583550.0,0.03315625,169.18986232954546,9.0,7-10 yrs
509,The Game Theorists,17600000,3752347262.0,Gaming,TheGameTheorists,0,Australia,AU,,3612215.0,6095.0,,,0.0,0.0,0.0,0.0,,2014.0,Jan,9.0,113.1,25766605.0,5.27,21844756.0,-25.274398,133.775136,0.0,0.0,213.20154897727272,12.0,11-15 yrs
510,DeGoBooM,17600000,6306204566.0,Gaming,DeGoBooM,4702,Chile,CL,Games,973.0,3.0,36.0,100215000.0,25100.0,400900.0,300600.0,4800000.0,500000.0,2014.0,Feb,1.0,88.5,18952038.0,7.09,16610135.0,-35.675147,-71.542969,2550300.0,0.1449034090909091,358.30707761363635,12.0,11-15 yrs
511,JFlaMusic,17600000,3802280098.0,Music,JFlaMusic,326,South Korea,KR,Music,2056.0,12.0,109.0,11099000.0,2800.0,44400.0,33300.0,532700.0,,2011.0,Aug,22.0,94.3,51709098.0,4.15,42106719.0,35.907757,127.766922,283000.0,0.016079545454545454,216.03864193181818,15.0,11-15 yrs
512,FactTechz,17500000,2238134438.0,Entertainment,FactTechz,709,India,IN,Entertainment,4243.0,86.0,124.0,21056000.0,5300.0,84200.0,63200.0,1000000.0,,2016.0,Jul,24.0,28.1,1366417754.0,5.36,471031528.0,20.593684,78.96288,531600.0,0.030377142857142856,127.89339645714286,10.0,7-10 yrs
513,News18 India,17500000,7263619576.0,News & Politics,News18 India,182742,India,IN,News,770.0,85.0,10.0,394106000.0,98500.0,1600000.0,1200000.0,18900000.0,700000.0,2007.0,Oct,25.0,28.1,1366417754.0,5.36,471031528.0,20.593684,78.96288,10050000.0,0.5742857142857143,415.06397577142855,19.0,15+ yrs
514,Fun For Kids TV - Hindi Rhymes,17500000,7612385622.0,Entertainment,Fun For Kids TV - Hindi Rhymes,149,India,IN,Entertainment,723.0,86.0,124.0,109847000.0,27500.0,439400.0,329500.0,5300000.0,300000.0,2017.0,Sep,27.0,28.1,1366417754.0,5.36,471031528.0,20.593684,78.96288,2814750.0,0.16084285714285715,434.9934641142857,9.0,7-10 yrs
515,IGN,17500000,16107116549.0,Gaming,IGN,156215,United States,US,Games,189.0,129.0,37.0,98342000.0,24600.0,393400.0,295000.0,4700000.0,,2006.0,Sep,19.0,88.2,328239523.0,14.7,270663028.0,37.09024,-95.712891,2497500.0,0.1427142857142857,920.4066599428571,20.0,15+ yrs
516,Aphmau,17400000,17763586483.0,Gaming,Aphmau,4411,United States,US,Games,152.0,129.0,37.0,439870000.0,110000.0,1800000.0,1300000.0,21100000.0,400000.0,2012.0,Aug,13.0,88.2,328239523.0,14.7,270663028.0,37.09024,-95.712891,11200000.0,0.6436781609195402,1020.8957748850574,14.0,11-15 yrs
517,AMARINTV : ï¿½ï¿½ï¿½ï¿½ï¿½ï¿½ï¿½ï¿½ï¿½ï¿½ï¿½ï¿½,17400000,13043561912.0,Entertainment,AMARINTV : ï¿½ï¿½ï¿½ï¿½ï¿½ï¿½ï¿½ï¿½ï¿½ï¿½ï¿½ï¿½,118448,Thailand,TH,News,286.0,8.0,11.0,235993000.0,59000.0,944000.0,708000.0,11300000.0,200000.0,2014.0,Feb,5.0,49.3,69625582.0,0.75,35294600.0,15.870032,100.992541,6004000.0,0.3450574712643678,749.6299949425287,12.0,11-15 yrs
518,ýýýýýýýýýýýýýýýý - Al-Remas,17400000,11144195464.0,Music,ýýýýýýýýýýýýýýýý - Al-Remas,2133,Iraq,IQ,Music,371.0,1.0,110.0,113003000.0,28300.0,452000.0,339000.0,5400000.0,,2013.0,Sep,27.0,16.2,39309783.0,12.82,27783368.0,33.223191,43.679291,2869500.0,0.16491379310344828,640.471003678161,13.0,11-15 yrs
519,Koray Zeynep,17400000,16560557488.0,People & Blogs,Koray Zeynep,2078,,,People,173.0,,31.0,426389000.0,106600.0,1700000.0,1300000.0,20500000.0,400000.0,2016.0,Jul,8.0,,,,,,,10900000.0,0.6264367816091954,951.7561774712643,10.0,7-10 yrs
520,Apple,17300000,1026425106.0,Science & Technology,Apple,180,United States,US,Tech,11274.0,130.0,9.0,46484000.0,11600.0,185900.0,139500.0,2200000.0,100000.0,2005.0,Jun,22.0,88.2,328239523.0,14.7,270663028.0,37.09024,-95.712891,1169750.0,0.06761560693641619,59.33093098265896,21.0,15+ yrs
521,Stubborn Facts,17300000,902225615.0,Film & Animation,Stubborn Facts,287,India,IN,Entertainment,13315.0,87.0,125.0,837850.0,209.0,3400.0,2500.0,40200.0,,2016.0,Sep,5.0,28.1,1366417754.0,5.36,471031528.0,20.593684,78.96288,21350.0,0.0012341040462427746,52.151769653179194,10.0,7-10 yrs
522,Taarak Mehta Ka Ooltah Chashmah,17300000,11371738047.0,Entertainment,Taarak Mehta Ka Ooltah Chashmah,4778,India,IN,Entertainment,356.0,87.0,125.0,331944000.0,83000.0,1300000.0,995800.0,15900000.0,300000.0,2014.0,Aug,4.0,28.1,1366417754.0,5.36,471031528.0,20.593684,78.96288,8447900.0,0.4883179190751445,657.3258986705202,12.0,11-15 yrs
523,HowToBasic,17300000,3684816159.0,Howto & Style,HowToBasic,582,Australia,AU,Howto,2146.0,6.0,17.0,15525000.0,3900.0,62100.0,46600.0,745200.0,,2011.0,Dec,8.0,113.1,25766605.0,5.27,21844756.0,-25.274398,133.775136,395900.0,0.022884393063583815,212.99515369942196,15.0,11-15 yrs
524,PopularMMOs,17200000,14573155899.0,Gaming,PopularMMOs,4685,,,Games,240.0,,38.0,15296000.0,3800.0,61200.0,45900.0,734200.0,100000.0,2012.0,Apr,17.0,,,,,,,390050.0,0.02267732558139535,847.2765057558139,14.0,11-15 yrs
525,Marques Brownlee,17200000,3606912471.0,Science & Technology,Marques Brownlee,1567,United States,US,Tech,2196.0,131.0,10.0,52325000.0,13100.0,209300.0,157000.0,2500000.0,100000.0,2008.0,Mar,21.0,88.2,328239523.0,14.7,270663028.0,37.09024,-95.712891,1328500.0,0.07723837209302326,209.70421343023256,18.0,15+ yrs
526,Anitta,17200000,7337212581.0,Music,Anitta,138,Brazil,BR,Music,769.0,28.0,111.0,72684000.0,18200.0,290700.0,218100.0,3500000.0,,2011.0,Nov,2.0,51.3,212559417.0,12.08,183241641.0,-14.235004,-51.92528,1859050.0,0.1080843023255814,426.5821268023256,15.0,11-15 yrs
527,Jason Vlogs,17200000,8903647480.0,Education,Jason Oo,83,Australia,AU,People,4031958.0,3450.0,7408.0,25.0,0.01,0.1,0.08,1.0,,2014.0,Sep,11.0,113.1,25766605.0,5.27,21844756.0,-25.274398,133.775136,0.54,3.1395348837209307e-08,517.653923255814,12.0,11-15 yrs
528,El Reino a Jugar,17200000,11445492404.0,Education,El Reino a Jugar,1007,Argentina,AR,Education,353.0,11.0,28.0,83709000.0,20900.0,334800.0,251100.0,4000000.0,100000.0,2015.0,Mar,3.0,90.0,44938712.0,9.79,41339571.0,-38.416097,-63.616672,2125550.0,0.12357848837209302,665.4356048837209,11.0,11-15 yrs
529,Willyrex,17200000,5024088947.0,Gaming,Willyrex,7550,Spain,ES,Games,1359.0,9.0,38.0,15405000.0,3900.0,61600.0,46200.0,739500.0,,2009.0,Aug,9.0,88.9,47076781.0,13.96,37927409.0,40.463667,-3.74922,392850.0,0.022840116279069768,292.09819459302327,17.0,15+ yrs
530,TheBrianMaps,17100000,4448334716.0,Comedy,TheBrianMaps,498,Russia,RU,Entertainment,1624.0,6.0,126.0,37164000.0,9300.0,148700.0,111500.0,1800000.0,100000.0,2012.0,Jun,4.0,81.9,144373535.0,4.59,107683889.0,61.52401,105.318756,955750.0,0.055891812865497076,260.1365330994152,14.0,11-15 yrs
531,TRANS TV Official,17100000,9710962528.0,Entertainment,TRANS TV Official,148225,Indonesia,ID,Entertainment,472.0,18.0,127.0,45811000.0,11500.0,183200.0,137400.0,2200000.0,100000.0,2014.0,Sep,2.0,36.3,270203917.0,4.69,151509724.0,-0.789275,113.921327,1168700.0,0.06834502923976608,567.8925454970761,12.0,11-15 yrs
532,Liza Koshy,17100000,2173106162.0,Comedy,Liza Koshy,142,United States,US,Entertainment,4443.0,132.0,127.0,1761000.0,440.0,7000.0,5300.0,84500.0,,2013.0,Sep,2.0,88.2,328239523.0,14.7,270663028.0,37.09024,-95.712891,44900.0,0.002625730994152047,127.08223169590643,13.0,11-15 yrs
533,Queen Official,17000000,10847948832.0,Music,Queen Official,1015,United Kingdom,GB,Music,385.0,21.0,112.0,93768000.0,23400.0,375100.0,281300.0,4500000.0,100000.0,2008.0,Jul,7.0,60.0,66834405.0,3.85,55908316.0,55.378051,-3.435973,2390650.0,0.1406264705882353,638.1146371764706,18.0,15+ yrs
534,Prajapati News,17000000,1001465469.0,Comedy,Prajapati News,1407,India,IN,Entertainment,11662.0,89.0,128.0,7626000.0,1900.0,30500.0,22900.0,366100.0,100000.0,2013.0,Mar,14.0,28.1,1366417754.0,5.36,471031528.0,20.593684,78.96288,194500.0,0.011441176470588236,58.909733470588236,13.0,11-15 yrs
535,Gaby and Alex,17000000,8229883114.0,Entertainment,gabyandalex,1,,,People,4057752.0,,7732.0,,0.0,0.0,0.0,0.0,,2008.0,Aug,21.0,,,,,,,0.0,0.0,484.1107714117647,18.0,15+ yrs
536,LuisFonsiVEVO,17000000,14543594822.0,Music,LuisFonsiVEVO,97,United States,US,Music,241.0,133.0,112.0,49817000.0,12500.0,199300.0,149500.0,2400000.0,,2009.0,May,12.0,88.2,328239523.0,14.7,270663028.0,37.09024,-95.712891,1274750.0,0.07498529411764705,855.5055777647059,17.0,15+ yrs
537,Pop Chartbusters,16900000,8684010451.0,Music,Pop Chartbusters,2235,India,IN,Music,574.0,90.0,113.0,72911000.0,18200.0,291600.0,218700.0,3500000.0,200000.0,2011.0,Aug,26.0,28.1,1366417754.0,5.36,471031528.0,20.593684,78.96288,1859350.0,0.11002071005917159,513.8467722485207,15.0,11-15 yrs
538,Guava Juice,16900000,9111000228.0,Gaming,Guava Juice,1910,United States,US,Entertainment,527.0,134.0,129.0,10889000.0,2700.0,43600.0,32700.0,522600.0,,2006.0,Jul,18.0,88.2,328239523.0,14.7,270663028.0,37.09024,-95.712891,277650.0,0.016428994082840237,539.1124395266272,20.0,15+ yrs
539,EeOneGuy,16900000,3827906874.0,Entertainment,EeOneGuy,366,United States,US,Entertainment,2039.0,134.0,129.0,1635000.0,409.0,6500.0,4900.0,78500.0,,2013.0,Mar,19.0,88.2,328239523.0,14.7,270663028.0,37.09024,-95.712891,41700.0,0.002467455621301775,226.50336532544378,13.0,11-15 yrs
540,VICE,16900000,4609753237.0,Entertainment,VICE,3900,United States,US,Entertainment,1543.0,134.0,129.0,36357000.0,9100.0,145400.0,109100.0,1700000.0,100000.0,2005.0,Dec,16.0,88.2,328239523.0,14.7,270663028.0,37.09024,-95.712891,904550.0,0.05352366863905325,272.7664637278107,21.0,15+ yrs
541,Aayu and Pihu Show,16900000,9270331567.0,Comedy,Aayu and Pihu Show,441,India,IN,People,510.0,90.0,34.0,89782000.0,22400.0,359100.0,269300.0,4300000.0,,2017.0,May,8.0,28.1,1366417754.0,5.36,471031528.0,20.593684,78.96288,2284650.0,0.1351863905325444,548.540329408284,9.0,7-10 yrs
542,Danny Fitt,16900000,9544277833.0,People & Blogs,Danny Fitt,2337,United States,US,Entertainment,488.0,134.0,129.0,275264000.0,68800.0,1100000.0,825800.0,13200000.0,700000.0,2016.0,Dec,31.0,88.2,328239523.0,14.7,270663028.0,37.09024,-95.712891,7012900.0,0.41496449704142013,564.7501676331361,10.0,7-10 yrs
543,Bispo Bruno Leonardo,16900000,3523578665.0,Nonprofits & Activism,Bispo Bruno Leonardo,4891,Brazil,BR,Nonprofit,2307.0,29.0,2.0,149543000.0,37400.0,598200.0,448600.0,7200000.0,400000.0,2016.0,Apr,10.0,51.3,212559417.0,12.08,183241641.0,-14.235004,-51.92528,3824300.0,0.22628994082840237,208.49577899408283,10.0,7-10 yrs
544,DeToxoMoroxo,16800000,2315962318.0,Entertainment,de toxomoroxo,1,,,Music,4056488.0,,5767.0,,0.0,0.0,0.0,0.0,,2016.0,Apr,30.0,,,,,,,0.0,0.0,137.8548998809524,10.0,7-10 yrs
545,Doggy Doggy Cartoons,16800000,6518418501.0,Entertainment,Doggy Doggy Cartoons,0,,,,4057944.0,,,,0.0,0.0,0.0,0.0,,2018.0,Nov,11.0,,,,,,,0.0,0.0,388.00110125,8.0,7-10 yrs
546,deepesh zo,16800000,7206462713.0,People & Blogs,deepesh zo,41,,,People,4038822.0,,7611.0,1.0,0.0,0.0,0.0,0.05,1.0,2021.0,Sep,24.0,,,,,,,0.025,1.4880952380952381e-09,428.9561138690476,5.0,4-6 yrs
547,Like Nastya IDN,16800000,7195314800.0,Entertainment,Like Nastya IDN,502,Indonesia,ID,Entertainment,795.0,19.0,130.0,42836000.0,10700.0,171300.0,128500.0,2100000.0,100000.0,2019.0,Nov,22.0,36.3,270203917.0,4.69,151509724.0,-0.789275,113.921327,1114250.0,0.06632440476190476,428.29254761904764,7.0,7-10 yrs
548,Gato Galactico | GALï¿½ï¿,16800000,3693798804.0,Film & Animation,Gato Galactico | GALï¿½ï¿,1491,Brazil,BR,Entertainment,2129.0,30.0,130.0,44121000.0,11000.0,176500.0,132400.0,2100000.0,100000.0,2013.0,Apr,2.0,51.3,212559417.0,12.08,183241641.0,-14.235004,-51.92528,1116200.0,0.06644047619047619,219.86897642857141,13.0,11-15 yrs
549,Salman Noman,16700000,10393037902.0,Entertainment,salman Noman,3,,,,4057674.0,,,7.0,0.0,0.03,0.02,0.34,10.0,2022.0,May,14.0,,,,,,,0.18000000000000002,1.0778443113772456e-08,622.3375989221557,4.0,4-6 yrs
550,CoryxKenshin,16700000,7102965621.0,Gaming,CoryxKenshin,1693,United States,US,Games,814.0,135.0,39.0,105114000.0,26300.0,420500.0,315300.0,5000000.0,200000.0,2009.0,Apr,27.0,88.2,328239523.0,14.7,270663028.0,37.09024,-95.712891,2657650.0,0.15914071856287426,425.3272826946108,17.0,15+ yrs
551,With Kids[ï¿½ï¿½ï¿½ï¿½ï,16700000,8826138204.0,Entertainment,With Kids[ï¿½ï¿½ï¿½ï¿½ï,920,United States,US,Entertainment,559.0,135.0,130.0,45698000.0,11400.0,182800.0,137100.0,2200000.0,100000.0,2012.0,Jul,6.0,88.2,328239523.0,14.7,270663028.0,37.09024,-95.712891,1168550.0,0.06997305389221557,528.5112697005987,14.0,11-15 yrs
552,Travis Scott,16700000,7979736581.0,Music,Travis Scott,13,United States,US,Music,564542.0,1920.0,1751.0,37623.0,9.0,150.0,113.0,1800.0,,2010.0,Sep,1.0,88.2,328239523.0,14.7,270663028.0,37.09024,-95.712891,956.5,5.7275449101796404e-05,477.82853778443115,16.0,15+ yrs
553,Tu COSMOPOLIS,16700000,5089284369.0,People & Blogs,Tu COSMOPOLIS,8741,Mexico,MX,People,1337.0,19.0,35.0,16139000.0,4000.0,64600.0,48400.0,774700.0,,2014.0,Aug,28.0,40.2,126014024.0,3.42,102626859.0,23.634501,-102.552784,411550.0,0.0246437125748503,304.747567005988,12.0,11-15 yrs
554,Ivana Alawi,16600000,1318442641.0,,Ivana Alawi,180,Philippines,PH,People,8338.0,5.0,36.0,15079000.0,3800.0,60300.0,45200.0,723800.0,100000.0,2018.0,Jun,1.0,35.5,108116615.0,2.15,50975903.0,12.879721,121.774017,384500.0,0.02316265060240964,79.42425548192772,8.0,7-10 yrs
555,Werever2morro,16600000,2798273962.0,Entertainment,werever2morro,0,Mexico,MX,Games,4057944.0,4248.0,7462.0,,0.0,0.0,0.0,0.0,,2010.0,Dec,7.0,40.2,126014024.0,3.42,102626859.0,23.634501,-102.552784,0.0,0.0,168.57072060240964,16.0,15+ yrs
556,IDEAS EN 5 MINUTOS,16600000,3696973456.0,Howto & Style,Ideas En 5 Minutos,216,Spain,ES,,3108857.0,2753.0,,65470.0,16.0,262.0,196.0,3100.0,,2017.0,Apr,2.0,88.9,47076781.0,13.96,37927409.0,40.463667,-3.74922,1648.0,9.927710843373494e-05,222.7092443373494,9.0,7-10 yrs
557,NMF News,16600000,7435180827.0,News & Politics,NMF News,112261,India,IN,News,749.0,91.0,12.0,59201000.0,14800.0,236800.0,177600.0,2800000.0,100000.0,2013.0,Oct,22.0,28.1,1366417754.0,5.36,471031528.0,20.593684,78.96288,1488800.0,0.0896867469879518,447.9024594578313,13.0,11-15 yrs
558,SriBalajiMovies,16600000,9439857193.0,Entertainment,SriBalajiMovies,20102,India,IN,Entertainment,497.0,91.0,132.0,154049000.0,38500.0,616200.0,462100.0,7400000.0,200000.0,2011.0,Sep,29.0,28.1,1366417754.0,5.36,471031528.0,20.593684,78.96288,3931050.0,0.23681024096385542,568.6660959638555,15.0,11-15 yrs
559,Lahari Music - TSeries,16600000,11946217860.0,Music,Lahari Music - TSeries,8976,India,IN,Music,326.0,91.0,115.0,89012000.0,22300.0,356000.0,267000.0,4300000.0,100000.0,2011.0,Nov,21.0,28.1,1366417754.0,5.36,471031528.0,20.593684,78.96288,2283500.0,0.1375602409638554,719.651678313253,15.0,11-15 yrs
560,Younes Zarou,16600000,15278668857.0,Entertainment,Younes Zarou,2200,Germany,DE,Entertainment,213.0,4.0,131.0,617257000.0,154300.0,2500000.0,1900000.0,29600000.0,900000.0,2021.0,May,6.0,70.2,83132799.0,3.04,64324835.0,51.165691,10.451526,15750000.0,0.9487951807228916,920.401738373494,5.0,4-6 yrs
561,Jordan Matter,16600000,5819508534.0,Entertainment,Jordan Matter,413,United States,US,Entertainment,1088.0,136.0,132.0,199033000.0,49800.0,796100.0,597100.0,9600000.0,300000.0,2006.0,Dec,21.0,88.2,328239523.0,14.7,270663028.0,37.09024,-95.712891,5098550.0,0.30714156626506023,350.57280325301207,20.0,15+ yrs
562,ýýýýýýýý ýýýýýýýýýýýýýýýýýýýýýý,16500000,2440934034.0,Entertainment,ýýýýýýýý ýýýýýýýýýýýýýýýýýýýýýý,421,United States,US,Entertainment,3778.0,137.0,133.0,21953000.0,5500.0,87800.0,65900.0,1100000.0,200000.0,2014.0,Mar,9.0,88.2,328239523.0,14.7,270663028.0,37.09024,-95.712891,582950.0,0.03533030303030303,147.935396,12.0,11-15 yrs
563,FailArmy,16500000,3037260680.0,Comedy,FailArmy,438,United States,US,Entertainment,2766.0,137.0,133.0,112986000.0,28200.0,451900.0,339000.0,5400000.0,100000.0,2011.0,Jul,5.0,88.2,328239523.0,14.7,270663028.0,37.09024,-95.712891,2869500.0,0.1739090909090909,184.07640484848486,15.0,11-15 yrs
564,BBC News Hindi,16500000,7043235131.0,News & Politics,BBC News Hindi,21243,India,IN,News,821.0,92.0,13.0,131202000.0,32800.0,524800.0,393600.0,6300000.0,300000.0,2009.0,Sep,22.0,28.1,1366417754.0,5.36,471031528.0,20.593684,78.96288,3346800.0,0.20283636363636365,426.8627352121212,17.0,15+ yrs
565,FunFun Toy Doll TV,16500000,7406207930.0,Entertainment,FunFun Toy Doll TV,735,United States,US,Entertainment,757.0,137.0,133.0,24378000.0,6100.0,97500.0,73100.0,1200000.0,,2016.0,May,31.0,88.2,328239523.0,14.7,270663028.0,37.09024,-95.712891,636550.0,0.03857878787878788,448.86108666666667,10.0,7-10 yrs
566,Sandra Cires Art,16400000,3955426159.0,Howto & Style,Sandra Cires Art,1091,United States,US,Entertainment,1938.0,138.0,134.0,18028000.0,4500.0,72100.0,54100.0,865300.0,,2011.0,Sep,27.0,88.2,328239523.0,14.7,270663028.0,37.09024,-95.712891,459700.0,0.02803048780487805,241.1845218902439,15.0,11-15 yrs
567,Kaykai Salaider,16400000,4434679706.0,Comedy,Kaykai Salaider,428,Thailand,TH,Entertainment,1636.0,9.0,134.0,9341000.0,2300.0,37400.0,28000.0,448400.0,,2011.0,Jan,24.0,49.3,69625582.0,0.75,35294600.0,15.870032,100.992541,238200.0,0.01452439024390244,270.4072991463415,15.0,11-15 yrs
568,UFC - Ultimate Fighting Championship,16400000,7135820721.0,Sports,UFC - Ultimate Fighting Championship,14662,United States,US,Sports,806.0,138.0,7.0,133208000.0,33300.0,532800.0,399600.0,6400000.0,100000.0,2006.0,Mar,4.0,88.2,328239523.0,14.7,270663028.0,37.09024,-95.712891,3399800.0,0.20730487804878048,435.1110195731707,20.0,15+ yrs
569,Ch7HD,16400000,9463244435.0,Entertainment,Ch7HD,56203,Thailand,TH,Entertainment,496.0,9.0,134.0,87757000.0,21900.0,351000.0,263300.0,4200000.0,100000.0,2010.0,May,17.0,49.3,69625582.0,0.75,35294600.0,15.870032,100.992541,2231650.0,0.13607621951219512,577.0270996951219,16.0,15+ yrs
570,RCTI - LAYAR DRAMA INDONESIA,16400000,13478392540.0,Entertainment,RCTI - LAYAR DRAMA INDONESIA,1,,,People,4057943.0,,7724.0,,0.0,0.0,0.0,0.0,,2020.0,Oct,19.0,,,,,,,0.0,0.0,821.8532036585366,6.0,4-6 yrs
571,Alfredo Larin,16400000,14431830557.0,Entertainment,Alfredo Larin,1,,,Entertainment,4057780.0,,6788.0,1.0,0.0,0.0,0.0,0.05,,2015.0,Nov,23.0,,,,,,,0.025,1.5243902439024392e-09,879.989668109756,11.0,11-15 yrs
572,GMMTV OFFICIALï¿½ï¿½,16400000,12844432341.0,Entertainment,GMMTV OFFICIALï¿½ï¿½,23952,Thailand,TH,Entertainment,294.0,9.0,134.0,181382000.0,45300.0,725500.0,544100.0,8700000.0,200000.0,2010.0,Sep,13.0,49.3,69625582.0,0.75,35294600.0,15.870032,100.992541,4622050.0,0.28183231707317075,783.1970939634147,16.0,15+ yrs
573,Matt Stonie,16300000,3527627264.0,Entertainment,MattStonie,54,United States,US,Entertainment,283499.0,1874.0,1836.0,29735.0,7.0,119.0,89.0,1400.0,,2010.0,Jun,19.0,88.2,328239523.0,14.7,270663028.0,37.09024,-95.712891,744.5,4.567484662576687e-05,216.41885055214723,16.0,15+ yrs
574,Boyce Avenue,16300000,6578828147.0,Music,Boyce Avenue,490,United States,US,Music,913.0,139.0,117.0,28787000.0,7200.0,115100.0,86400.0,1400000.0,,2007.0,Sep,2.0,88.2,328239523.0,14.7,270663028.0,37.09024,-95.712891,743200.0,0.045595092024539874,403.60908877300614,19.0,15+ yrs
575,Camila Cabello,16300000,6613422635.0,Music,Camila Cabello,80,United States,US,Music,906.0,139.0,117.0,42704000.0,10700.0,170800.0,128100.0,2000000.0,100000.0,2015.0,Aug,11.0,88.2,328239523.0,14.7,270663028.0,37.09024,-95.712891,1064050.0,0.06527914110429447,405.73145,11.0,11-15 yrs
576,Little Mix,16300000,7520242626.0,Music,Little Mix,278,United Kingdom,GB,Music,740.0,22.0,117.0,38604000.0,9700.0,154400.0,115800.0,1900000.0,,2011.0,Nov,30.0,60.0,66834405.0,3.85,55908316.0,55.378051,-3.435973,1007900.0,0.06183435582822086,461.3645782822086,15.0,11-15 yrs
577,SAM SMITH,16300000,10170264839.0,Music,SAM SMITH,230,United Kingdom,GB,Entertainment,428.0,22.0,135.0,85778000.0,21400.0,343100.0,257300.0,4100000.0,,2012.0,Sep,14.0,60.0,66834405.0,3.85,55908316.0,55.378051,-3.435973,2178650.0,0.13365950920245398,623.9426281595092,14.0,11-15 yrs
578,Pitbull,16300000,12475714382.0,Music,Pitbull,352,United States,US,Music,308.0,139.0,117.0,88004000.0,22000.0,352000.0,264000.0,4200000.0,,2006.0,Jul,5.0,88.2,328239523.0,14.7,270663028.0,37.09024,-95.712891,2232000.0,0.13693251533742332,765.3812504294478,20.0,15+ yrs
579,Bollywood Classics,16300000,7141825267.0,Entertainment,Bollywood Classics,1444,India,IN,Music,804.0,93.0,116.0,151477000.0,37900.0,605900.0,454400.0,7300000.0,300000.0,2011.0,Oct,13.0,28.1,1366417754.0,5.36,471031528.0,20.593684,78.96288,3877200.0,0.23786503067484663,438.14878938650304,15.0,11-15 yrs
580,Technoblade,16300000,1656452554.0,Gaming,Technoblade,989,United States,US,Games,6274.0,138.0,40.0,17944000.0,4500.0,71800.0,53800.0,861300.0,200000.0,2013.0,Oct,28.0,88.2,328239523.0,14.7,270663028.0,37.09024,-95.712891,457550.0,0.028070552147239265,101.62285607361963,13.0,11-15 yrs
581,W2S,16300000,4768370464.0,Gaming,W2S,652,United Kingdom,GB,Entertainment,1455.0,22.0,135.0,3079000.0,770.0,12300.0,9200.0,147800.0,,2012.0,Jul,26.0,60.0,66834405.0,3.85,55908316.0,55.378051,-3.435973,78500.0,0.004815950920245398,292.5380652760736,14.0,11-15 yrs
582,Jennifer Lopez,16200000,10227242833.0,Music,Jennifer Lopez,258,United States,US,Music,426.0,140.0,118.0,63441000.0,15900.0,253800.0,190300.0,3000000.0,,2005.0,Nov,18.0,88.2,328239523.0,14.7,270663028.0,37.09024,-95.712891,1595150.0,0.09846604938271605,631.3112859876543,21.0,15+ yrs
583,Kids Play,16200000,8091706232.0,Entertainment,Kids Play,593,United States,US,Entertainment,636.0,140.0,136.0,25912000.0,6500.0,103600.0,77700.0,1200000.0,,2018.0,May,14.0,88.2,328239523.0,14.7,270663028.0,37.09024,-95.712891,638850.0,0.039435185185185184,499.48803901234567,8.0,7-10 yrs
584,T3ddy,16200000,2990185467.0,Comedy,T3ddy,1930,Brazil,BR,People,2898.0,31.0,38.0,33015000.0,8300.0,132100.0,99000.0,1600000.0,100000.0,2012.0,Jan,16.0,51.3,212559417.0,12.08,183241641.0,-14.235004,-51.92528,849500.0,0.052438271604938275,184.5793498148148,14.0,11-15 yrs
585,JJ Olatunji,16200000,4076692623.0,Gaming,JJ Olatunji,1294,United Kingdom,GB,Entertainment,1856.0,23.0,136.0,27808000.0,7000.0,111200.0,83400.0,1300000.0,100000.0,2011.0,Jan,26.0,60.0,66834405.0,3.85,55908316.0,55.378051,-3.435973,691700.0,0.04269753086419753,251.6476927777778,15.0,11-15 yrs
586,POPS Kids,16200000,9763592867.0,Music,POPS Kids,3943,Vietnam,VN,Film,462.0,2.0,30.0,256733000.0,64200.0,1000000.0,770200.0,12300000.0,200000.0,2014.0,Jan,14.0,28.5,96462106.0,2.01,35332140.0,14.058324,108.277199,6535100.0,0.4034012345679012,602.6909177160494,12.0,11-15 yrs
587,Thairath Online,16200000,14563841315.0,News & Politics,Thairath Online,244899,Thailand,TH,News,238.0,10.0,14.0,224756000.0,56200.0,899000.0,674300.0,10800000.0,100000.0,2010.0,Sep,27.0,49.3,69625582.0,0.75,35294600.0,15.870032,100.992541,5737150.0,0.35414506172839505,899.002550308642,16.0,15+ yrs
588,LEGO,16200000,20522339099.0,Entertainment,LEGO,31889,Singapore,SG,Entertainment,116.0,1.0,136.0,117209000.0,29300.0,468800.0,351600.0,5600000.0,200000.0,2005.0,Oct,22.0,84.8,5703569.0,4.11,5703569.0,1.352083,103.819836,2975800.0,0.18369135802469136,1266.811055493827,21.0,15+ yrs
589,XO TEAM,16200000,14784781923.0,People & Blogs,XO TEAM Family,189,United States,US,People,153622.0,1776.0,1495.0,37911.0,9.0,152.0,114.0,1800.0,1000.0,2020.0,Sep,12.0,88.2,328239523.0,14.7,270663028.0,37.09024,-95.712891,957.0,5.9074074074074074e-05,912.6408594444445,6.0,4-6 yrs
590,AdMe,16200000,4488680903.0,Entertainment,Aday Cï¿½ï¿½ï¿½ï¿½ï,10,Spain,ES,Music,4048675.0,4228.0,5766.0,4.0,0.0,0.02,0.01,0.19,,2006.0,May,2.0,88.9,47076781.0,13.96,37927409.0,40.463667,-3.74922,0.1,6.17283950617284e-09,277.07906808641974,20.0,15+ yrs
591,ExtraPolinesios,16200000,4813127504.0,People & Blogs,Extra polinesios,2,,,People,3945744.0,,7359.0,510.0,0.13,2.0,2.0,24.0,1.0,2015.0,Nov,21.0,,,,,,,13.0,8.024691358024692e-07,297.1066360493827,11.0,11-15 yrs
592,Dyland PROS,16100000,1517638132.0,Entertainment,Dyland PROS,2805,Indonesia,ID,Games,6986.0,21.0,41.0,9619000.0,2400.0,38500.0,28900.0,461700.0,,2015.0,Jan,28.0,36.3,270203917.0,4.69,151509724.0,-0.789275,113.921327,245300.0,0.015236024844720497,94.26323801242236,11.0,11-15 yrs
593,Live,16100000,0.0,,Live,0,,,,4057944.0,,,,0.0,0.0,0.0,0.0,,2015.0,Jan,13.0,,,,,,,0.0,0.0,0.0,11.0,11-15 yrs
594,Vlad and Niki ARA,16100000,7399296005.0,,Vlad and Niki ARA,510,United States,US,Entertainment,759.0,141.0,137.0,32011000.0,8000.0,128000.0,96000.0,1500000.0,100000.0,2019.0,May,24.0,88.2,328239523.0,14.7,270663028.0,37.09024,-95.712891,798000.0,0.049565217391304345,459.5836027950311,7.0,7-10 yrs
595,Canal IN,16100000,2687443643.0,People & Blogs,Canal IN,723,Brazil,BR,Entertainment,3338.0,32.0,137.0,13802000.0,3500.0,55200.0,41400.0,662500.0,,2017.0,Jul,21.0,51.3,212559417.0,12.08,183241641.0,-14.235004,-51.92528,351950.0,0.02186024844720497,166.92196540372672,9.0,7-10 yrs
596,TWICE,16100000,5055576881.0,Music,TWICE,1123,,,Music,1343.0,,119.0,98720000.0,24700.0,394900.0,296200.0,4700000.0,100000.0,2016.0,Mar,27.0,,,,,,,2498100.0,0.15516149068322982,314.0109863975155,10.0,7-10 yrs
597,Daily Dose Of Internet,16100000,6872702790.0,Entertainment,Daily Dose Of Internet,671,United States,US,Entertainment,851.0,140.0,136.0,399807000.0,100000.0,1600000.0,1200000.0,19200000.0,300000.0,2015.0,Jul,15.0,88.2,328239523.0,14.7,270663028.0,37.09024,-95.712891,10200000.0,0.6335403726708074,426.875949689441,11.0,11-15 yrs
598,FitDance,16100000,7126210721.0,Music,Fitdance Academy,41,France,FR,Entertainment,4006012.0,3726.0,6335.0,780.0,0.2,3.0,2.0,37.0,4.0,2006.0,Nov,20.0,65.6,67059887.0,8.43,54123364.0,46.227638,2.213749,19.5,1.2111801242236026e-06,442.6217839130435,20.0,15+ yrs
599,Panda Shorts,16100000,7155736006.0,,Panda Shorts,667,Sweden,SE,Sports,792.0,2.0,8.0,478528000.0,119600.0,1900000.0,1400000.0,23000000.0,3000000.0,2020.0,Nov,21.0,67.0,10285453.0,6.48,9021165.0,60.128161,18.643501,12200000.0,0.7577639751552795,444.45565254658385,6.0,4-6 yrs
600,Disney Junior,16100000,15812009296.0,Entertainment,Disney Junior,4045,United States,US,Entertainment,196.0,140.0,136.0,267131000.0,66800.0,1100000.0,801400.0,12800000.0,300000.0,2008.0,Apr,22.0,88.2,328239523.0,14.7,270663028.0,37.09024,-95.712891,6800700.0,0.4224037267080745,982.1123786335404,18.0,15+ yrs
601,La Rosa de Guadalupe,16100000,9642146451.0,Entertainment,larosadeguadalupe,0,Mexico,MX,Games,4057944.0,4258.0,7472.0,,0.0,0.0,0.0,0.0,,2008.0,Sep,3.0,40.2,126014024.0,3.42,102626859.0,23.634501,-102.552784,0.0,0.0,598.8910839130435,18.0,15+ yrs
602,sagar kalra (Shorts),16000000,6543629679.0,People & Blogs,sagar kalra (Shorts),453,,,People,921.0,,39.0,74062000.0,18500.0,296200.0,222200.0,3600000.0,200000.0,2017.0,Jun,30.0,,,,,,,1911100.0,0.11944375,408.9768549375,9.0,7-10 yrs
603,wifistudy,16000000,3018032423.0,Education,wifistudy by Unacademy,52144,India,IN,Education,2855.0,94.0,30.0,14287000.0,3600.0,57100.0,42900.0,685800.0,,2014.0,Jul,26.0,28.1,1366417754.0,5.36,471031528.0,20.593684,78.96288,364350.0,0.022771875,188.6270264375,12.0,11-15 yrs
604,Antrax,16000000,3029872908.0,Gaming,Antrax,687,Mexico,MX,Games,2844.0,23.0,42.0,4698000.0,1200.0,18800.0,14100.0,225500.0,,2015.0,May,25.0,40.2,126014024.0,3.42,102626859.0,23.634501,-102.552784,119800.0,0.0074875,189.36705675,11.0,11-15 yrs
605,Enes Batur,16000000,9786595271.0,Gaming,enesbatur,0,,,Games,4057944.0,,7360.0,,0.0,0.0,0.0,0.0,11.0,2007.0,Mar,4.0,,,,,,,0.0,0.0,611.6622044375,19.0,15+ yrs
606,Totoy kids - Espaï¿½ï,16000000,5997599089.0,Film & Animation,Totoy kids - Espaï¿½ï,344,Mexico,MX,Film,1048.0,23.0,31.0,112393000.0,28100.0,449600.0,337200.0,5400000.0,200000.0,2017.0,Sep,7.0,40.2,126014024.0,3.42,102626859.0,23.634501,-102.552784,2868600.0,0.1792875,374.8499430625,9.0,7-10 yrs
607,ýýýýýýýýýý,15900000,1845329502.0,People & Blogs,Kung Fu Padla,0,Russia,RU,Games,4057944.0,3309.0,5665.0,,0.0,0.0,0.0,0.0,10.0,2017.0,May,27.0,81.9,144373535.0,4.59,107683889.0,61.52401,105.318756,0.0,0.0,116.05845924528302,9.0,7-10 yrs
608,DopeLyrics,15900000,9962188084.0,Music,DopeLyrics,2035,United States,US,Music,444.0,142.0,120.0,9915000.0,2500.0,39700.0,29700.0,475900.0,,2016.0,Jun,9.0,88.2,328239523.0,14.7,270663028.0,37.09024,-95.712891,252800.0,0.01589937106918239,626.5527096855346,10.0,7-10 yrs
609,jeffreestar,15900000,2609358468.0,Howto & Style,jeffreestar,433,United States,US,Howto,3474.0,142.0,20.0,2006000.0,502.0,8000.0,6000.0,96300.0,,2006.0,Feb,14.0,88.2,328239523.0,14.7,270663028.0,37.09024,-95.712891,51150.0,0.0032169811320754715,164.1105954716981,20.0,15+ yrs
610,Lyna,15900000,6534326412.0,Gaming,Lyna,4906,Argentina,AR,Games,919.0,12.0,43.0,64085000.0,16000.0,256300.0,192300.0,3100000.0,200000.0,2014.0,Sep,8.0,90.0,44938712.0,9.79,41339571.0,-38.416097,-63.616672,1646150.0,0.1035314465408805,410.96392528301885,12.0,11-15 yrs
611,MK MUSIC,15900000,9198986881.0,Music,MK MUSIC,5105,Brazil,BR,Music,516.0,33.0,120.0,136388000.0,34100.0,545600.0,409200.0,6500000.0,100000.0,2010.0,Jan,18.0,51.3,212559417.0,12.08,183241641.0,-14.235004,-51.92528,3454600.0,0.21727044025157233,578.5526340251572,16.0,15+ yrs
612,Unspeakable,15900000,9052367553.0,Gaming,Unspeakable,796,United States,US,People,530.0,142.0,40.0,164895000.0,41200.0,659600.0,494700.0,7900000.0,200000.0,2016.0,May,1.0,88.2,328239523.0,14.7,270663028.0,37.09024,-95.712891,4197350.0,0.26398427672955976,569.3312926415094,10.0,7-10 yrs
613,Camilo,15900000,6802382479.0,Music,Camilo,132,Colombia,CO,Music,871.0,8.0,120.0,59890000.0,15000.0,239600.0,179700.0,2900000.0,100000.0,2010.0,Jul,29.0,55.3,50339443.0,9.71,40827302.0,4.570868,-74.297333,1539850.0,0.09684591194968553,427.82279742138365,16.0,15+ yrs
614,Dear Sir,15800000,1349288771.0,Education,Dear Sir,633,India,IN,Education,8066.0,95.0,31.0,24056000.0,6000.0,96200.0,72200.0,1200000.0,200000.0,2016.0,Dec,13.0,28.1,1366417754.0,5.36,471031528.0,20.593684,78.96288,636100.0,0.040259493670886076,85.39802348101266,10.0,7-10 yrs
615,Narendra Modi,15800000,3392918989.0,News & Politics,Narendra Modi,20679,India,IN,News,2406.0,96.0,15.0,185969000.0,46500.0,743900.0,557900.0,8900000.0,700000.0,2007.0,Oct,26.0,28.1,1366417754.0,5.36,471031528.0,20.593684,78.96288,4728950.0,0.2993006329113924,214.74170816455697,19.0,15+ yrs
616,Arif muhammad,15800000,4122634467.0,People & Blogs,Arif muhammad,542,Indonesia,ID,Comedy,1816.0,22.0,26.0,71870000.0,18000.0,287500.0,215600.0,3400000.0,100000.0,2017.0,Jan,18.0,36.3,270203917.0,4.69,151509724.0,-0.789275,113.921327,1807800.0,0.11441772151898734,260.9262320886076,9.0,7-10 yrs
617,Rotten Tomatoes Trailers,15800000,13116313599.0,Film & Animation,Rotten Tomatoes Trailers,10441,United States,US,Film,285.0,143.0,32.0,25738000.0,6400.0,103000.0,77200.0,1200000.0,100000.0,2011.0,Apr,1.0,88.2,328239523.0,14.7,270663028.0,37.09024,-95.712891,638600.0,0.04041772151898734,830.1464303164557,15.0,11-15 yrs
618,Volga Video,15700000,9787697838.0,Film & Animation,Volga Video,16874,India,IN,Entertainment,463.0,97.0,139.0,51315000.0,12800.0,205300.0,153900.0,2500000.0,,2012.0,Mar,23.0,28.1,1366417754.0,5.36,471031528.0,20.593684,78.96288,1326950.0,0.08451910828025477,623.4202444585987,14.0,11-15 yrs
619,DM - Desi Melodies,15700000,5914071870.0,Music,DM - Desi Melodies,79,India,IN,Music,1071.0,97.0,121.0,141842000.0,35500.0,567400.0,425500.0,6800000.0,300000.0,2017.0,Jul,8.0,28.1,1366417754.0,5.36,471031528.0,20.593684,78.96288,3612750.0,0.23011146496815288,376.69247579617837,9.0,7-10 yrs
620,MY FAMILY,15700000,6153495609.0,,My Family,150,Singapore,SG,People,731590.0,1203.0,3244.0,939647.0,235.0,3800.0,2800.0,45100.0,800.0,2019.0,Dec,3.0,84.8,5703569.0,4.11,5703569.0,1.352083,103.819836,23950.0,0.0015254777070063694,391.942395477707,7.0,7-10 yrs
621,Team Films Bhojpuri,15700000,6626563508.0,Music,Team Films Bhojpuri,19703,India,IN,Music,902.0,97.0,121.0,30744000.0,7700.0,123000.0,92200.0,1500000.0,,2014.0,Jul,18.0,28.1,1366417754.0,5.36,471031528.0,20.593684,78.96288,796100.0,0.05070700636942675,422.0741087898089,12.0,11-15 yrs
622,Zee Music Classic,15700000,5558051295.0,Music,Zee Music Classic,1640,India,IN,Music,1174.0,97.0,121.0,86450000.0,21600.0,345800.0,259300.0,4100000.0,100000.0,2014.0,May,20.0,28.1,1366417754.0,5.36,471031528.0,20.593684,78.96288,2179650.0,0.1388312101910828,354.0160060509554,12.0,11-15 yrs
623,Prime Video India,15700000,8696631898.0,Entertainment,Prime Video India,7090,United States,US,Entertainment,569.0,144.0,139.0,335111000.0,83800.0,1300000.0,1000000.0,16100000.0,1200000.0,2016.0,Oct,3.0,88.2,328239523.0,14.7,270663028.0,37.09024,-95.712891,8550000.0,0.5445859872611465,553.9255985987261,10.0,7-10 yrs
624,Caeli YT,15600000,1511794214.0,Entertainment,Caeli YT,483,Mexico,MX,Entertainment,7440.0,24.0,140.0,62551000.0,0.0,0.0,0.0,0.0,,2010.0,Sep,22.0,40.2,126014024.0,3.42,102626859.0,23.634501,-102.552784,0.0,0.0,96.90988551282051,16.0,15+ yrs
625,Kuplinov ï¿½ï¿½ï¿,15600000,6862529416.0,Gaming,Kuplinov ï¿½ï¿½ï¿,6623,,,Games,863.0,,44.0,98660000.0,24700.0,394600.0,296000.0,4700000.0,200000.0,2012.0,Dec,23.0,,,,,,,2498000.0,0.16012820512820514,439.90573179487177,14.0,11-15 yrs
626,Linus Tech Tips,15600000,7172386509.0,Science & Technology,Linus Tech Tips,6542,Canada,CA,Tech,802.0,7.0,11.0,88224000.0,22100.0,352900.0,264700.0,4200000.0,100000.0,2008.0,Nov,25.0,68.9,36991981.0,5.56,30628482.0,56.130366,-106.346771,2232350.0,0.14309935897435896,459.76836596153845,18.0,15+ yrs
627,Juliana Baltar,15600000,3869457097.0,Entertainment,Juliana Baltar,2019,Brazil,BR,Entertainment,2002.0,34.0,140.0,56218000.0,14100.0,224900.0,168700.0,2700000.0,100000.0,2010.0,May,9.0,51.3,212559417.0,12.08,183241641.0,-14.235004,-51.92528,1434350.0,0.09194551282051282,248.0421216025641,16.0,15+ yrs
628,5-Minute Crafts FAMILY,15600000,6165757696.0,People & Blogs,5-Minute Crafts FAMILY,4245,United States,US,Howto,1005.0,145.0,21.0,27382000.0,6800.0,109500.0,82100.0,1300000.0,,2018.0,Dec,13.0,88.2,328239523.0,14.7,270663028.0,37.09024,-95.712891,691050.0,0.044298076923076926,395.2408779487179,8.0,7-10 yrs
629,Blippi Espaï¿½ï,15500000,8984089026.0,People & Blogs,Blippi Espaï¿½ï,598,Mexico,MX,Education,538.0,24.0,32.0,90012000.0,22500.0,360000.0,270000.0,4300000.0,100000.0,2017.0,Jan,13.0,40.2,126014024.0,3.42,102626859.0,23.634501,-102.552784,2285000.0,0.1474193548387097,579.6186468387097,9.0,7-10 yrs
630,Super Senya,15500000,5070970714.0,Entertainment,Super Senya,0,,,,4057944.0,,,,0.0,0.0,0.0,0.0,,2017.0,Jul,27.0,,,,,,,0.0,0.0,327.1594009032258,9.0,7-10 yrs
631,Katakit Baby TV,15500000,6386271870.0,Music,Katakit Baby TV,220,Saudi Arabia,SA,Music,954.0,4.0,122.0,90914000.0,22700.0,363700.0,272700.0,4400000.0,200000.0,2010.0,Jul,26.0,68.0,34268528.0,5.93,28807838.0,23.885942,45.079162,2336350.0,0.15073225806451612,412.01754,16.0,15+ yrs
632,Infobells Bangla,15500000,7776706184.0,Education,Infobells Bangla,359,India,IN,Education,687.0,98.0,32.0,167888000.0,42000.0,671600.0,503700.0,8100000.0,300000.0,2016.0,Jun,13.0,28.1,1366417754.0,5.36,471031528.0,20.593684,78.96288,4301850.0,0.27753870967741934,501.7229796129032,10.0,7-10 yrs
633,ýýýýýýýý ýý ýýýýýýýý,15500000,8265129639.0,Shows,ýýýýýýýý ýý ýýýýýýýý,1021,Saudi Arabia,SA,Film,619.0,4.0,33.0,135036000.0,33800.0,540100.0,405100.0,6500000.0,300000.0,2017.0,May,16.0,68.0,34268528.0,5.93,28807838.0,23.885942,45.079162,3452550.0,0.22274516129032257,533.2341702580645,9.0,7-10 yrs
634,Henrique e Juliano,15500000,14619523361.0,Music,Henrique e Juliano,325,Brazil,BR,Music,236.0,35.0,123.0,163678000.0,40900.0,654700.0,491000.0,7900000.0,,2009.0,Jun,27.0,51.3,212559417.0,12.08,183241641.0,-14.235004,-51.92528,4195500.0,0.2706774193548387,943.1950555483871,17.0,15+ yrs
635,Mr DegrEE,15500000,12880388253.0,Science & Technology,MrDegree,0,United States,US,Entertainment,4057944.0,5048.0,4453.0,,0.0,0.0,0.0,0.0,10.0,2016.0,Mar,2.0,88.2,328239523.0,14.7,270663028.0,37.09024,-95.712891,0.0,0.0,830.992790516129,10.0,7-10 yrs
636,Kashvi Adlakha,15500000,12714141740.0,Entertainment,Kashvi Adlakha,1525,India,IN,Entertainment,300.0,99.0,141.0,139123000.0,34800.0,556500.0,417400.0,6700000.0,200000.0,2017.0,Apr,9.0,28.1,1366417754.0,5.36,471031528.0,20.593684,78.96288,3558700.0,0.22959354838709678,820.267209032258,9.0,7-10 yrs
637,Talking Tom & Friends,15500000,6396049701.0,Entertainment,Talking Tom & Friends,417,United States,US,Film,956.0,146.0,34.0,27375000.0,6800.0,109500.0,82100.0,1300000.0,,2010.0,Oct,14.0,88.2,328239523.0,14.7,270663028.0,37.09024,-95.712891,691050.0,0.04458387096774193,412.64836780645163,16.0,15+ yrs
638,ýýýýýýýý ýýýýýýýýýýýýýý ýýýý 5 ýýýýýýýýýý,15500000,4499826716.0,Howto & Style,ýýýýýýýý ýýýýýýýýýýýýýý ýýýý 5 ýýýýýýýýýý,5183,Egypt,EG,Howto,1597.0,1.0,22.0,32916000.0,8200.0,131700.0,98700.0,1600000.0,100000.0,2017.0,Dec,8.0,35.2,100388073.0,10.76,42895824.0,26.820553,30.802498,849350.0,0.054796774193548385,290.31140103225806,9.0,7-10 yrs
639,Harsh Beniwal,15400000,1781226000.0,Comedy,Harsh Beniwal,165,India,IN,Comedy,5724.0,100.0,27.0,27963000.0,7000.0,111900.0,83900.0,1300000.0,100000.0,2015.0,May,6.0,28.1,1366417754.0,5.36,471031528.0,20.593684,78.96288,691950.0,0.044931818181818184,115.66402597402598,11.0,11-15 yrs
640,FFUNTV,15400000,11513738907.0,Gaming,FFUNTV,379,United Arab Emirates,AE,Entertainment,349.0,6.0,141.0,80172000.0,20000.0,320700.0,240500.0,3800000.0,200000.0,2018.0,Jul,18.0,36.8,9770529.0,2.35,8479744.0,23.424076,53.847818,2020250.0,0.13118506493506493,747.6453835714286,8.0,7-10 yrs
641,Mobile Legends: Bang Bang,15400000,1543608082.0,Gaming,Mobile Legends: Bang Bang,1647,United States,US,Games,6793.0,147.0,45.0,55369000.0,13800.0,221500.0,166100.0,2700000.0,100000.0,2016.0,Jul,14.0,88.2,328239523.0,14.7,270663028.0,37.09024,-95.712891,1433050.0,0.09305519480519481,100.23429103896103,10.0,7-10 yrs
642,Roman Atwood Vlogs,15400000,5469103954.0,People & Blogs,Roman Atwood Vlogs,1756,United States,US,People,1201.0,147.0,42.0,1583000.0,396.0,6300.0,4700.0,76000.0,,2013.0,Aug,12.0,88.2,328239523.0,14.7,270663028.0,37.09024,-95.712891,40350.0,0.00262012987012987,355.1366203896104,13.0,11-15 yrs
643,Mrwhosetheboss,15400000,3736069980.0,Science & Technology,Mrwhosetheboss,1577,United Kingdom,GB,Tech,2083.0,24.0,12.0,167697000.0,41900.0,670800.0,503100.0,8000000.0,400000.0,2011.0,Apr,20.0,60.0,66834405.0,3.85,55908316.0,55.378051,-3.435973,4251550.0,0.27607467532467533,242.60194675324675,15.0,11-15 yrs
644,Genierock,15400000,14564170905.0,Music,Genierock,1725,Thailand,TH,Music,239.0,11.0,124.0,82798000.0,20700.0,331200.0,248400.0,4000000.0,100000.0,2008.0,Mar,9.0,49.3,69625582.0,0.75,35294600.0,15.870032,100.992541,2124200.0,0.13793506493506494,945.7253834415584,18.0,15+ yrs
645,zayn,15400000,4909687948.0,Music,zayn,21,United States,US,Music,1401.0,147.0,124.0,36790000.0,9200.0,147200.0,110400.0,1800000.0,100000.0,2016.0,Jan,26.0,88.2,328239523.0,14.7,270663028.0,37.09024,-95.712891,955200.0,0.062025974025974026,318.8109057142857,10.0,7-10 yrs
646,Kerajinan 5-Menit,15400000,4750420071.0,People & Blogs,Kerajinan 5-Menit,4186,Indonesia,ID,Howto,1461.0,23.0,23.0,19740000.0,4900.0,79000.0,59200.0,947500.0,,2018.0,Nov,21.0,36.3,270203917.0,4.69,151509724.0,-0.789275,113.921327,503350.0,0.032685064935064935,308.4688357792208,8.0,7-10 yrs
647,FC Barcelona,15300000,2656528205.0,Sports,FC Barcelona,10988,Spain,ES,Sports,3356.0,11.0,9.0,84867000.0,21200.0,339500.0,254600.0,4100000.0,200000.0,2006.0,Feb,6.0,88.9,47076781.0,13.96,37927409.0,40.463667,-3.74922,2177300.0,0.14230718954248367,173.62929444444444,20.0,15+ yrs
648,Dave and Ava - Nursery Rhymes and Baby Songs,15300000,10714145606.0,Education,Dave and Ava - Nursery Rhymes and Baby Songs,851,United States,US,Education,390.0,148.0,33.0,77053000.0,19300.0,308200.0,231200.0,3700000.0,,2014.0,Dec,4.0,88.2,328239523.0,14.7,270663028.0,37.09024,-95.712891,1965600.0,0.12847058823529411,700.2709546405229,12.0,11-15 yrs
649,LOKESH GAMER,15300000,1640078055.0,Gaming,LOKESH GAMER,1397,India,IN,Games,6356.0,101.0,46.0,5920000.0,1500.0,23700.0,17800.0,284200.0,,2017.0,Nov,16.0,28.1,1366417754.0,5.36,471031528.0,20.593684,78.96288,151000.0,0.009869281045751634,107.19464411764706,9.0,7-10 yrs
650,ILYA BORZOV,15300000,9938811455.0,People & Blogs,ILYA BORZOV,2175,Russia,RU,People,441.0,8.0,42.0,475565000.0,118900.0,1900000.0,1400000.0,22800000.0,800000.0,2021.0,Apr,1.0,81.9,144373535.0,4.59,107683889.0,61.52401,105.318756,12100000.0,0.7908496732026143,649.5955199346405,5.0,4-6 yrs
651,Mazhavil Manorama,15300000,16545966132.0,Entertainment,Mazhavil Manorama,87864,India,IN,Entertainment,175.0,100.0,142.0,361483000.0,90400.0,1400000.0,1100000.0,17400000.0,300000.0,2011.0,Oct,31.0,28.1,1366417754.0,5.36,471031528.0,20.593684,78.96288,9250000.0,0.6045751633986928,1081.4356949019607,15.0,11-15 yrs
652,Pokï¿½ï¿½ï¿½ï¿½ï¿½ï¿½ï¿½ï¿½ï¿½,15200000,857725714.0,People & Blogs,Pokï¿½ï¿½ï¿½ï¿½ï¿½ï¿½ï¿½ï¿½ï¿½,194,India,IN,Film,13929.0,100.0,35.0,65380000.0,16300.0,261500.0,196100.0,3100000.0,1300000.0,2017.0,Oct,15.0,28.1,1366417754.0,5.36,471031528.0,20.593684,78.96288,1648050.0,0.10842434210526315,56.429323289473686,9.0,7-10 yrs
653,The MriDul,15200000,4503880875.0,Comedy,The MriDul,106,India,IN,Comedy,1593.0,102.0,28.0,98329000.0,24600.0,393300.0,295000.0,4700000.0,200000.0,2015.0,Mar,14.0,28.1,1366417754.0,5.36,471031528.0,20.593684,78.96288,2497500.0,0.16430921052631578,296.3079523026316,11.0,11-15 yrs
654,Niana Guerrero,15200000,1491452935.0,Entertainment,Niana Guerrero,443,Philippines,PH,Entertainment,7153.0,6.0,144.0,9980000.0,2500.0,39900.0,29900.0,479000.0,,2013.0,Apr,11.0,35.5,108116615.0,2.15,50975903.0,12.879721,121.774017,254450.0,0.016740131578947368,98.12190361842106,13.0,11-15 yrs
655,SRK MUSIC,15200000,6391679636.0,Music,SRK MUSIC,5056,India,IN,Music,955.0,102.0,126.0,57809000.0,14500.0,231200.0,173400.0,2800000.0,200000.0,2012.0,Mar,16.0,28.1,1366417754.0,5.36,471031528.0,20.593684,78.96288,1486700.0,0.09780921052631579,420.5052392105263,14.0,11-15 yrs
656,Sony LIV,15200000,7151683497.0,Entertainment,Sony LIV,11099,India,IN,Entertainment,794.0,102.0,144.0,210909000.0,52700.0,843600.0,632700.0,10100000.0,300000.0,2014.0,May,2.0,28.1,1366417754.0,5.36,471031528.0,20.593684,78.96288,5366350.0,0.3530493421052632,470.5054932236842,12.0,11-15 yrs
657,T-Series Hamaar Bhojpuri,15200000,7564652648.0,Entertainment,T-Series Hamaar Bhojpuri,9862,India,IN,Music,728.0,101.0,125.0,105978000.0,26500.0,423900.0,317900.0,5100000.0,200000.0,2011.0,Nov,1.0,28.1,1366417754.0,5.36,471031528.0,20.593684,78.96288,2708950.0,0.1782203947368421,497.67451631578945,15.0,11-15 yrs
658,Oyuncak Avï¿,15200000,8333387785.0,Entertainment,Oyuncak Avï¿,654,Turkey,TR,Entertainment,615.0,5.0,144.0,4427000.0,1100.0,17700.0,13300.0,212500.0,,2014.0,Dec,29.0,23.9,83429615.0,13.49,63097818.0,38.963745,35.243322,112900.0,0.007427631578947368,548.2491963815789,12.0,11-15 yrs
659,CNN,15200000,14198154095.0,News & Politics,CNN,160405,United States,US,News,247.0,148.0,16.0,187006000.0,46800.0,748000.0,561000.0,9000000.0,100000.0,2005.0,Oct,2.0,88.2,328239523.0,14.7,270663028.0,37.09024,-95.712891,4780500.0,0.31450657894736844,934.0890851973684,21.0,15+ yrs
660,NDTV India,15200000,6624168155.0,News & Politics,NDTV India,91704,India,IN,News,900.0,101.0,16.0,49662000.0,12400.0,198600.0,149000.0,2400000.0,100000.0,2008.0,Jan,19.0,28.1,1366417754.0,5.36,471031528.0,20.593684,78.96288,1274500.0,0.08384868421052631,435.8005365131579,18.0,15+ yrs
661,It's Mamix,15100000,1777072487.0,People & Blogs,It's Mamix,210,United States,US,People,5778.0,150.0,44.0,15984000.0,4000.0,63900.0,48000.0,767200.0,,2017.0,Feb,1.0,88.2,328239523.0,14.7,270663028.0,37.09024,-95.712891,407600.0,0.026993377483443708,117.68691966887417,9.0,7-10 yrs
662,Kim Loaiza,15100000,1576633086.0,Music,Kim Loaiza,18,,,Music,6655.0,,127.0,26053000.0,6500.0,104200.0,78200.0,1300000.0,100000.0,2019.0,Jan,18.0,,,,,,,689100.0,0.045635761589403974,104.41278715231788,7.0,7-10 yrs
663,Daftar Populer,15100000,2143140898.0,Education,Daftar Populer,3810,Indonesia,ID,Entertainment,4520.0,24.0,144.0,17231000.0,4300.0,68900.0,51700.0,827100.0,100000.0,2017.0,Jan,16.0,36.3,270203917.0,4.69,151509724.0,-0.789275,113.921327,439400.0,0.029099337748344372,141.929860794702,9.0,7-10 yrs
664,Musas,15100000,2400037562.0,Howto & Style,Jordi Sala,159,Andorra,AD,People,3889418.0,504.0,7615.0,86.0,0.02,0.34,0.26,4.0,,2006.0,Mar,12.0,,,,,,,2.13,1.410596026490066e-07,158.94288490066225,20.0,15+ yrs
665,Ranz Kyle,15100000,1760131384.0,People & Blogs,Ranz Kyle,533,Philippines,PH,Entertainment,5849.0,7.0,145.0,12376000.0,3100.0,49500.0,37100.0,594000.0,,2008.0,Apr,27.0,35.5,108116615.0,2.15,50975903.0,12.879721,121.774017,315550.0,0.020897350993377483,116.5649923178808,18.0,15+ yrs
666,PowerfulJRE,15100000,3060202847.0,People & Blogs,PowerfulJRE,1037,United States,US,People,2796.0,149.0,43.0,43409000.0,10900.0,173600.0,130200.0,2100000.0,200000.0,2013.0,Jan,12.0,88.2,328239523.0,14.7,270663028.0,37.09024,-95.712891,1115100.0,0.0738476821192053,202.66244019867548,13.0,11-15 yrs
667,Mariale,15100000,2761547758.0,Howto & Style,Mariale,2618,United States,US,Entertainment,3241.0,150.0,145.0,11956000.0,3000.0,47800.0,35900.0,573900.0,,2010.0,Jan,6.0,88.2,328239523.0,14.7,270663028.0,37.09024,-95.712891,304900.0,0.02019205298013245,182.8839574834437,16.0,15+ yrs
668,Makiman131,15100000,4236036141.0,Gaming,Makiman131,2997,Spain,ES,Entertainment,1760.0,12.0,145.0,5972000.0,1500.0,23900.0,17900.0,286600.0,,2013.0,Feb,12.0,88.9,47076781.0,13.96,37927409.0,40.463667,-3.74922,152250.0,0.010082781456953642,280.5321947682119,13.0,11-15 yrs
669,Hongyu ASMR ï¿½ï¿½,15100000,4967784343.0,People & Blogs,Hongyu ASMR ï¿½ï¿½ï,1,,,People,4057925.0,,7694.0,,0.0,0.0,0.0,0.0,,2021.0,Mar,16.0,,,,,,,0.0,0.0,328.9923405960265,5.0,4-6 yrs
670,Mohamed Ramadan I ï¿½ï¿½ï¿½ï¿½ï¿½ï¿½ï,15100000,5324913850.0,People & Blogs,Mohamed Ramadan I ï¿½ï¿½ï¿½ï¿½ï¿½ï¿½ï,753,Egypt,EG,Entertainment,1242.0,2.0,145.0,46060000.0,11500.0,184200.0,138200.0,2200000.0,100000.0,2014.0,Oct,31.0,35.2,100388073.0,10.76,42895824.0,26.820553,30.802498,1169100.0,0.07742384105960265,352.6433013245033,12.0,11-15 yrs
671,EdisonPts,15100000,6668507856.0,Gaming,EdisonPts,3733,Russia,RU,Games,894.0,10.0,47.0,95603000.0,23900.0,382400.0,286800.0,4600000.0,100000.0,2013.0,Jun,24.0,81.9,144373535.0,4.59,107683889.0,61.52401,105.318756,2443400.0,0.16181456953642384,441.62303682119204,13.0,11-15 yrs
672,BIGBANG,15100000,7857371770.0,Music,BIGBANG,776,South Korea,KR,Music,680.0,13.0,127.0,40806000.0,10200.0,163200.0,122400.0,2000000.0,,2005.0,Oct,10.0,94.3,51709098.0,4.15,42106719.0,35.907757,127.766922,1061200.0,0.07027814569536424,520.3557463576159,21.0,15+ yrs
673,Rubï¿½ï¿½ï¿½ï¿½ï¿½ï¿½,15100000,9477021288.0,Comedy,Rubï¿½ï¿½ï¿½ï¿½ï¿½ï¿½,921,Argentina,AR,Comedy,491.0,13.0,28.0,512343000.0,128100.0,2000000.0,1500000.0,24600000.0,700000.0,2016.0,Aug,2.0,90.0,44938712.0,9.79,41339571.0,-38.416097,-63.616672,13050000.0,0.8642384105960265,627.6173038410597,10.0,7-10 yrs
674,ABS-CBN News,15100000,10489367372.0,News & Politics,ABS-CBN News,209520,Philippines,PH,News,404.0,7.0,17.0,181644000.0,45400.0,726600.0,544900.0,8700000.0,100000.0,2009.0,Oct,22.0,35.5,108116615.0,2.15,50975903.0,12.879721,121.774017,4622450.0,0.3061225165562914,694.6600908609272,17.0,15+ yrs
675,Chapitosiki,15100000,13897932103.0,Entertainment,Chapitosiki,2717,Russia,RU,Entertainment,256.0,9.0,143.0,713509000.0,178400.0,2900000.0,2100000.0,34200000.0,700000.0,2020.0,Jan,24.0,81.9,144373535.0,4.59,107683889.0,61.52401,105.318756,18150000.0,1.2019867549668874,920.3928545033112,6.0,4-6 yrs
676,AdeleVEVO,15100000,12413869881.0,Music,AdeleVEVO,52,United Kingdom,GB,Music,309.0,25.0,127.0,84750000.0,21200.0,339000.0,254300.0,4100000.0,100000.0,2009.0,Oct,15.0,60.0,66834405.0,3.85,55908316.0,55.378051,-3.435973,2177150.0,0.14418211920529803,822.1105881456954,17.0,15+ yrs
677,MoreAliA,15000000,4352427049.0,Gaming,MoreAliA,2324,United Kingdom,GB,Games,1663.0,25.0,47.0,250995000.0,62700.0,1000000.0,753000.0,12000000.0,600000.0,2013.0,May,6.0,60.0,66834405.0,3.85,55908316.0,55.378051,-3.435973,6376500.0,0.4251,290.16180326666665,13.0,11-15 yrs
678,Chetan Monga Vlogs,15000000,9924103188.0,People & Blogs,Chetan Monga Vlogs,899,India,IN,People,457.0,104.0,45.0,113572000.0,28400.0,454300.0,340700.0,5500000.0,400000.0,2014.0,Aug,17.0,28.1,1366417754.0,5.36,471031528.0,20.593684,78.96288,2920350.0,0.19469,661.6068792,12.0,11-15 yrs
679,Little Angel - Mï¿½ï¿½ï¿½ï¿½ï¿½ï¿½ï¿½ï¿½ï¿½ï¿½,15000000,8897705695.0,Entertainment,Little Angel - Mï¿½ï¿½ï¿½ï¿½ï¿½ï¿½ï¿½ï¿½ï¿½ï¿½ï¿½,795,Brazil,BR,Education,548.0,36.0,34.0,145478000.0,36400.0,581900.0,436400.0,7000000.0,,2018.0,Jan,26.0,51.3,212559417.0,12.08,183241641.0,-14.235004,-51.92528,3718200.0,0.24788,593.1803796666667,8.0,7-10 yrs
680,League of Legends,15000000,7159750970.0,Gaming,League of Legends,1362,United States,US,Games,805.0,151.0,48.0,43133000.0,10800.0,172500.0,129400.0,2100000.0,,2009.0,Feb,9.0,88.2,328239523.0,14.7,270663028.0,37.09024,-95.712891,1114700.0,0.07431333333333333,477.31673133333334,17.0,15+ yrs
681,TheRichest,15000000,2730879024.0,Education,Therichest,0,United States,US,Games,4057944.0,7692.0,7445.0,,0.0,0.0,0.0,0.0,,2006.0,May,25.0,88.2,328239523.0,14.7,270663028.0,37.09024,-95.712891,0.0,0.0,182.0586016,20.0,15+ yrs
682,XpressTV,15000000,4008801873.0,Entertainment,XpressTV,724,Mexico,MX,Entertainment,1907.0,26.0,146.0,33880000.0,8500.0,135500.0,101600.0,1600000.0,100000.0,2014.0,Nov,17.0,40.2,126014024.0,3.42,102626859.0,23.634501,-102.552784,850800.0,0.05672,267.2534582,12.0,11-15 yrs
683,PlayStation,15000000,4741434420.0,Gaming,PlayStation,20292,United States,US,Games,1469.0,151.0,48.0,41789000.0,10400.0,167200.0,125400.0,2000000.0,100000.0,2005.0,Dec,16.0,88.2,328239523.0,14.7,270663028.0,37.09024,-95.712891,1062700.0,0.07084666666666667,316.095628,21.0,15+ yrs
684,Kwebbelkop,15000000,6889304306.0,Gaming,Kwebbelkop,5198,United States,US,Film,857.0,151.0,37.0,29724000.0,7400.0,118900.0,89200.0,1400000.0,100000.0,2008.0,Apr,2.0,88.2,328239523.0,14.7,270663028.0,37.09024,-95.712891,744600.0,0.04964,459.28695373333335,18.0,15+ yrs
685,Republic Bharat,15000000,7536093065.0,News & Politics,Gyani Beast,206,India,IN,News,1145576.0,2573.0,1992.0,998.0,0.25,4.0,3.0,48.0,,2018.0,Aug,16.0,28.1,1366417754.0,5.36,471031528.0,20.593684,78.96288,25.5,1.7e-06,502.40620433333333,8.0,7-10 yrs
686,THE BROWN SIBLINGS,15000000,8658553456.0,Entertainment,THE BROWN SIBLINGS,965,India,IN,Entertainment,577.0,103.0,145.0,102357000.0,25600.0,409400.0,307100.0,4900000.0,200000.0,2016.0,Oct,9.0,28.1,1366417754.0,5.36,471031528.0,20.593684,78.96288,2603550.0,0.17357,577.2368970666666,10.0,7-10 yrs
687,Sony Music South,15000000,9978734160.0,Music,Sony Music South,2726,India,IN,Music,439.0,103.0,127.0,242185000.0,60500.0,968700.0,726600.0,11600000.0,300000.0,2014.0,Aug,6.0,28.1,1366417754.0,5.36,471031528.0,20.593684,78.96288,6163300.0,0.4108866666666667,665.248944,12.0,11-15 yrs
688,BigSchool,15000000,9996133066.0,Gaming,Big School,68,,,Film,4056600.0,,5289.0,,0.0,0.0,0.0,0.0,,2020.0,Dec,2.0,,,,,,,0.0,0.0,666.4088710666666,6.0,4-6 yrs
689,Ray William Johnson,15000000,10239836582.0,Entertainment,Ray William Johnson,1803,United States,US,Comedy,423.0,151.0,29.0,312858000.0,78200.0,1300000.0,938600.0,15000000.0,200000.0,2008.0,May,26.0,88.2,328239523.0,14.7,270663028.0,37.09024,-95.712891,7969300.0,0.5312866666666667,682.6557721333334,18.0,15+ yrs
690,KOMPASTV,15000000,11827310821.0,News & Politics,KOMPASTV,269050,Indonesia,ID,News,331.0,25.0,17.0,113064000.0,28300.0,452300.0,339200.0,5400000.0,100000.0,2013.0,Aug,23.0,36.3,270203917.0,4.69,151509724.0,-0.789275,113.921327,2869600.0,0.19130666666666668,788.4873880666667,13.0,11-15 yrs
691,ISSEI / ï¿½ï¿½ï¿½ï¿½,15000000,13562853889.0,Comedy,ISSEI / ï¿½ï¿½ï¿½ï¿½,1788,Japan,JP,Comedy,277.0,5.0,29.0,282372000.0,70600.0,1100000.0,847100.0,13600000.0,900000.0,2014.0,Jul,23.0,63.2,126226568.0,2.29,115782416.0,36.204824,138.252924,7223550.0,0.48157,904.1902592666667,12.0,11-15 yrs
692,Zï¿½ï¿½ï¿½ï¿½ï¿½ï¿½ï,15000000,11506702632.0,Music,Zï¿½ï¿½ï¿½ï¿½ï¿½ï¿½ï,340,Brazil,BR,Music,347.0,36.0,128.0,182871000.0,45700.0,731500.0,548600.0,8800000.0,,2012.0,Apr,3.0,51.3,212559417.0,12.08,183241641.0,-14.235004,-51.92528,4674300.0,0.31162,767.1135088,14.0,11-15 yrs
693,A2 Motivation by Arvind Arora,15000000,8932038210.0,Entertainment,A2 Motivation by Arvind Arora,3168,India,IN,Entertainment,544.0,104.0,146.0,130731000.0,32700.0,522900.0,392200.0,6300000.0,200000.0,2017.0,Apr,7.0,28.1,1366417754.0,5.36,471031528.0,20.593684,78.96288,3346100.0,0.22307333333333335,595.469214,9.0,7-10 yrs
694,50 Cent,14900000,10069000444.0,Music,50 Cent,419,United States,US,Music,435.0,152.0,129.0,119812000.0,30000.0,479200.0,359400.0,5800000.0,100000.0,2007.0,Feb,8.0,88.2,328239523.0,14.7,270663028.0,37.09024,-95.712891,3079700.0,0.20669127516778524,675.7718418791947,19.0,15+ yrs
695,MNCTV OFFICIAL,14900000,8074260978.0,Entertainment,MNCTV OFFICIAL,66362,Indonesia,ID,Entertainment,639.0,26.0,146.0,43581000.0,10900.0,174300.0,130700.0,2100000.0,100000.0,2012.0,Nov,29.0,36.3,270203917.0,4.69,151509724.0,-0.789275,113.921327,1115350.0,0.07485570469798658,541.8967099328859,14.0,11-15 yrs
696,ERB,14900000,4033400167.0,Entertainment,ERB,86,United States,US,Entertainment,1886.0,152.0,147.0,11043000.0,2800.0,44200.0,33100.0,530100.0,,2006.0,Feb,8.0,88.2,328239523.0,14.7,270663028.0,37.09024,-95.712891,281600.0,0.018899328859060403,270.6979977852349,20.0,15+ yrs
697,melanie martinez,14900000,4395184343.0,Music,melanie martinez,127,United States,US,Music,1656.0,152.0,129.0,56358000.0,14100.0,225400.0,169100.0,2700000.0,100000.0,2007.0,Nov,3.0,88.2,328239523.0,14.7,270663028.0,37.09024,-95.712891,1434550.0,0.09627852348993289,294.97881496644294,19.0,15+ yrs
698,iTownGamePlay *Terror&Diversiï¿½ï,14900000,4977284539.0,Entertainment,iTownGamePlay *Terror&Diversiï¿½ï,8420,Spain,ES,Games,1377.0,13.0,49.0,13857000.0,3500.0,55400.0,41600.0,665200.0,100000.0,2012.0,Feb,15.0,88.9,47076781.0,13.96,37927409.0,40.463667,-3.74922,353400.0,0.023718120805369128,334.0459422147651,14.0,11-15 yrs
699,ýýýýýýýýýýýý8 : Thai Ch8,14900000,5549770244.0,Entertainment,ýýýýýýýýýýýý8 : Thai Ch8,27944,Thailand,TH,Entertainment,1181.0,12.0,147.0,49556000.0,12400.0,198200.0,148700.0,2400000.0,100000.0,2011.0,Oct,17.0,49.3,69625582.0,0.75,35294600.0,15.870032,100.992541,1274350.0,0.08552684563758389,372.46780161073826,15.0,11-15 yrs
700,ZutiGang,14900000,15913320995.0,People & Blogs,ZutiGang,1363,,,People,192.0,,45.0,346653000.0,86700.0,1400000.0,1000000.0,16600000.0,400000.0,2021.0,Mar,5.0,,,,,,,8800000.0,0.5906040268456376,1068.0081204697988,5.0,4-6 yrs
701,ýýýýýý,14900000,439098.0,People & Blogs,ýýýýýý,1,Russia,RU,News,3609784.0,10.0,19.0,7697.0,2.0,31.0,23.0,369.0,,2008.0,Aug,11.0,81.9,144373535.0,4.59,107683889.0,61.52401,105.318756,196.0,1.3154362416107383e-05,0.029469664429530203,18.0,15+ yrs
702,TazerCraft,14900000,5956193599.0,Gaming,TazerCraft,4175,Brazil,BR,Games,1066.0,37.0,49.0,39775000.0,9900.0,159100.0,119300.0,1900000.0,100000.0,2011.0,Jul,13.0,51.3,212559417.0,12.08,183241641.0,-14.235004,-51.92528,1009650.0,0.06776174496644295,399.7445368456376,15.0,11-15 yrs
703,Bayashi TV,14900000,8615618825.0,Entertainment,ýýýýýýýýýýýýýýýýýýBAYASHITV,93,Japan,JP,Autos,3468229.0,3508.0,3271.0,2477.0,0.62,10.0,7.0,119.0,9.0,2012.0,Nov,19.0,63.2,126226568.0,2.29,115782416.0,36.204824,138.252924,63.0,4.228187919463088e-06,578.2294513422819,14.0,11-15 yrs
704,Fueled By Ramen,14800000,13356517783.0,Music,Fueled By Ramen,1210,United States,US,Entertainment,276.0,153.0,148.0,61205000.0,15300.0,244800.0,183600.0,2900000.0,,2006.0,Jun,9.0,88.2,328239523.0,14.7,270663028.0,37.09024,-95.712891,1541800.0,0.10417567567567568,902.4674177702702,20.0,15+ yrs
705,CrashCourse,14800000,1833519700.0,Education,CrashCourse,1481,United States,US,Education,5533.0,153.0,35.0,7177000.0,1800.0,28700.0,21500.0,344500.0,,2006.0,May,20.0,88.2,328239523.0,14.7,270663028.0,37.09024,-95.712891,183000.0,0.012364864864864865,123.88646621621622,20.0,15+ yrs
706,MattyBRaps,14800000,3587576784.0,Music,MattyBRaps,195,United States,US,Music,2226.0,153.0,130.0,22980000.0,5700.0,91900.0,68900.0,1100000.0,,2010.0,May,31.0,88.2,328239523.0,14.7,270663028.0,37.09024,-95.712891,584450.0,0.03948986486486487,242.40383675675676,16.0,15+ yrs
707,Lachlan,14800000,5269059435.0,Gaming,Lachlan,3834,Australia,AU,Games,1253.0,7.0,50.0,21072000.0,5300.0,84300.0,63200.0,1000000.0,,2013.0,Mar,19.0,113.1,25766605.0,5.27,21844756.0,-25.274398,133.775136,531600.0,0.03591891891891892,356.0175293918919,13.0,11-15 yrs
708,ýýýýýýýý ýýýýýýýý,14800000,7018015062.0,Howto & Style,ýýýýýýýý ýýýýýýýý,2387,Ukraine,UA,Howto,828.0,3.0,25.0,47117000.0,11800.0,188500.0,141400.0,2300000.0,,2015.0,Oct,12.0,82.7,44385155.0,8.88,30835699.0,48.379433,31.16558,1220700.0,0.08247972972972974,474.1902068918919,11.0,11-15 yrs
709,Meghan Trainor,14800000,8649303688.0,People & Blogs,Meghan Trainor,233,United States,US,Music,580.0,153.0,130.0,51645000.0,12900.0,206600.0,154900.0,2500000.0,,2008.0,Jun,4.0,88.2,328239523.0,14.7,270663028.0,37.09024,-95.712891,1327450.0,0.08969256756756756,584.4124113513514,18.0,15+ yrs
710,Jorge & Mateus Oficial,14800000,9076642765.0,Music,Jorge & Mateus Oficial,318,Brazil,BR,Music,529.0,38.0,130.0,88120000.0,22000.0,352500.0,264400.0,4200000.0,,2008.0,Jul,29.0,51.3,212559417.0,12.08,183241641.0,-14.235004,-51.92528,2232200.0,0.15082432432432433,613.2866733108108,18.0,15+ yrs
711,Major Lazer Official,14800000,9383431376.0,Music,MajorLazerOfficial,0,,,,4057944.0,,,,0.0,0.0,0.0,0.0,,2013.0,Jun,14.0,,,,,,,0.0,0.0,634.0156335135135,13.0,11-15 yrs
712,Beast Philanthropy,14800000,272678287.0,People & Blogs,Beast Philanthropy,34,Germany,DE,Games,3968552.0,2600.0,4443.0,37883.0,9.0,152.0,114.0,1800.0,3580.0,2015.0,Jan,31.0,70.2,83132799.0,3.04,64324835.0,51.165691,10.451526,957.0,6.466216216216216e-05,18.424208581081082,11.0,11-15 yrs
713,Filaretiki,14800000,15788208522.0,,Filaretiki,2222,United States,US,People,195.0,152.0,46.0,1203000000.0,300800.0,4800000.0,3600000.0,57800000.0,1700000.0,2021.0,Mar,24.0,88.2,328239523.0,14.7,270663028.0,37.09024,-95.712891,30700000.0,2.074324324324324,1066.7708460810811,5.0,4-6 yrs
714,5-Minute Crafts Recycle,14800000,8866012877.0,People & Blogs,5-Minute Crafts Recycle,3867,United States,US,Howto,554.0,153.0,25.0,53181000.0,13300.0,212700.0,159500.0,2600000.0,,2019.0,Jun,7.0,88.2,328239523.0,14.7,270663028.0,37.09024,-95.712891,1379750.0,0.09322635135135135,599.0549241216216,7.0,7-10 yrs
715,ýýýýýýýýýý ýýýýýýýýýýýý,14700000,2230986039.0,Entertainment,ýýýýýýýýýý ýýýýýýýýýýýý,1385,Saudi Arabia,SA,Entertainment,4276.0,5.0,149.0,2694000.0,673.0,10800.0,8100.0,129300.0,,2016.0,May,27.0,68.0,34268528.0,5.93,28807838.0,23.885942,45.079162,68700.0,0.004673469387755102,151.76775775510205,10.0,7-10 yrs
716,Maha Fun Tv,14700000,1321380490.0,Entertainment,Maha Fun Tv,85,United States,US,Entertainment,8317.0,154.0,149.0,4781000.0,1200.0,19100.0,14300.0,229500.0,,2017.0,Sep,5.0,88.2,328239523.0,14.7,270663028.0,37.09024,-95.712891,121900.0,0.00829251700680272,89.88982925170068,9.0,7-10 yrs
717,Canal Nostalgia,14700000,1506796393.0,Entertainment,Canal Nostalgia TV,554,Spain,ES,Entertainment,325721.0,1549.0,2275.0,226420.0,57.0,906.0,679.0,10900.0,600.0,2010.0,Feb,19.0,88.9,47076781.0,13.96,37927409.0,40.463667,-3.74922,5789.5,0.000393843537414966,102.50315598639456,16.0,15+ yrs
718,The Slow Mo Guys,14700000,2465473772.0,Entertainment,The Slow Mo Guys,317,United States,US,Education,3746.0,154.0,36.0,18978000.0,4700.0,75900.0,56900.0,911000.0,,2010.0,Aug,15.0,88.2,328239523.0,14.7,270663028.0,37.09024,-95.712891,483950.0,0.03292176870748299,167.71930421768707,16.0,15+ yrs
719,StudyIQ IAS,14700000,4029253667.0,Education,StudyIQ IAS,43564,India,IN,Education,1879.0,106.0,36.0,74483000.0,18600.0,297900.0,223400.0,3600000.0,200000.0,2015.0,Jun,22.0,28.1,1366417754.0,5.36,471031528.0,20.593684,78.96288,1911700.0,0.13004761904761905,274.09888891156464,11.0,11-15 yrs
720,Chad Wild Clay,14700000,6751985988.0,Comedy,Chad Wild Clay,698,United States,US,Entertainment,885.0,154.0,149.0,36338000.0,9100.0,145400.0,109000.0,1700000.0,100000.0,2006.0,Mar,26.0,88.2,328239523.0,14.7,270663028.0,37.09024,-95.712891,904500.0,0.06153061224489796,459.3187746938776,20.0,15+ yrs
721,CollegeHumor,14700000,7255848125.0,Comedy,CollegeHumor,4340,United States,US,Comedy,798.0,154.0,30.0,55583000.0,0.0,0.0,0.0,0.0,,2006.0,Oct,9.0,88.2,328239523.0,14.7,270663028.0,37.09024,-95.712891,0.0,0.0,493.5951105442177,20.0,15+ yrs
722,Netflix Jr.,14700000,8882319696.0,Education,Netflix Jr.,1996,United States,US,Education,552.0,154.0,36.0,79402000.0,19900.0,317600.0,238200.0,3800000.0,100000.0,2012.0,Jan,28.0,88.2,328239523.0,14.7,270663028.0,37.09024,-95.712891,2019100.0,0.13735374149659865,604.2394351020408,14.0,11-15 yrs
723,Colors Rishtey,14700000,12362331529.0,Entertainment,Colors Rishtey,23490,India,IN,Entertainment,310.0,105.0,148.0,347603000.0,86900.0,1400000.0,1000000.0,16700000.0,400000.0,2013.0,Nov,28.0,28.1,1366417754.0,5.36,471031528.0,20.593684,78.96288,8850000.0,0.6020408163265306,840.9749339455782,13.0,11-15 yrs
724,ABC News,14700000,12961669452.0,News & Politics,ABC News,80830,United States,US,News,289.0,154.0,18.0,185709000.0,46400.0,742800.0,557100.0,8900000.0,100000.0,2006.0,Aug,7.0,88.2,328239523.0,14.7,270663028.0,37.09024,-95.712891,4728550.0,0.3216700680272109,881.7462212244898,20.0,15+ yrs
725,Camila Loures,14700000,4684983333.0,Music,Camila Loures,3978,Brazil,BR,Entertainment,1501.0,39.0,149.0,40975000.0,10200.0,163900.0,122900.0,2000000.0,100000.0,2014.0,May,27.0,51.3,212559417.0,12.08,183241641.0,-14.235004,-51.92528,1061450.0,0.07220748299319728,318.70634918367347,12.0,11-15 yrs
726,Doc Tops,14600000,2613197447.0,Entertainment,Doc Tops,490,Ecuador,EC,Entertainment,3458.0,1.0,150.0,16409000.0,4100.0,65600.0,49200.0,787600.0,100000.0,2014.0,Dec,29.0,44.9,17373662.0,3.97,11116711.0,-1.831239,-78.183406,418400.0,0.028657534246575342,178.9861265068493,12.0,11-15 yrs
727,Auron,14600000,3337074920.0,People & Blogs,Auron,961,Spain,ES,Games,2455.0,14.0,51.0,60568000.0,15100.0,242300.0,181700.0,2900000.0,,2013.0,Dec,12.0,88.9,47076781.0,13.96,37927409.0,40.463667,-3.74922,1540850.0,0.10553767123287672,228.56677534246575,13.0,11-15 yrs
728,Jesser,14600000,3603556207.0,Gaming,Jesser,1244,United States,US,Entertainment,2223.0,155.0,150.0,92594000.0,23100.0,370400.0,277800.0,4400000.0,400000.0,2012.0,Jul,9.0,88.2,328239523.0,14.7,270663028.0,37.09024,-95.712891,2338900.0,0.1601986301369863,246.81891828767124,14.0,11-15 yrs
729,Planeta das Gï¿½ï¿½,14600000,4622581344.0,People & Blogs,Planeta das Gï¿½ï¿½,951,Brazil,BR,Entertainment,1534.0,40.0,150.0,10547000.0,2600.0,42200.0,31600.0,506300.0,,2015.0,Nov,21.0,51.3,212559417.0,12.08,183241641.0,-14.235004,-51.92528,268950.0,0.01842123287671233,316.6151605479452,11.0,11-15 yrs
730,PrestonPlayz,14600000,5766647017.0,Gaming,Preston,4009,United States,US,Entertainment,621.0,78.0,72.0,151697000.0,37900.0,606800.0,455100.0,7300000.0,200000.0,2012.0,Jul,4.0,88.2,328239523.0,14.7,270663028.0,37.09024,-95.712891,3877550.0,0.26558561643835615,394.97582308219177,14.0,11-15 yrs
731,Martin Garrix,14600000,6017932195.0,Music,Martin Garrix,365,United States,US,Music,1044.0,155.0,131.0,35528000.0,8900.0,142100.0,106600.0,1700000.0,,2011.0,Jan,15.0,88.2,328239523.0,14.7,270663028.0,37.09024,-95.712891,903300.0,0.06186986301369863,412.18713664383563,15.0,11-15 yrs
732,O Reino Infantil,14600000,11182302317.0,Music,O Reino Infantil,1206,Brazil,BR,Music,369.0,40.0,131.0,109865000.0,27500.0,439500.0,329600.0,5300000.0,100000.0,2014.0,Aug,19.0,51.3,212559417.0,12.08,183241641.0,-14.235004,-51.92528,2814800.0,0.19279452054794521,765.9111176027398,12.0,11-15 yrs
733,Fifth Harmony,14600000,7952268926.0,Music,Fifth Harmony,67,United States,US,Music,659.0,155.0,131.0,37632000.0,9400.0,150500.0,112900.0,1800000.0,,2013.0,Feb,21.0,88.2,328239523.0,14.7,270663028.0,37.09024,-95.712891,956450.0,0.06551027397260274,544.6759538356164,13.0,11-15 yrs
734,Mis Pastelitos,14600000,2750902766.0,Howto & Style,Mis Pastelitos,603,Mexico,MX,Music,3248.0,27.0,131.0,50677000.0,12700.0,202700.0,152000.0,2400000.0,100000.0,2014.0,Jun,24.0,40.2,126014024.0,3.42,102626859.0,23.634501,-102.552784,1276000.0,0.0873972602739726,188.41799767123288,12.0,11-15 yrs
735,Noman Official,14600000,5525773746.0,Comedy,Noman Official,560,India,IN,Film,1185.0,106.0,38.0,139116000.0,34800.0,556500.0,417300.0,6700000.0,500000.0,2019.0,Oct,28.0,28.1,1366417754.0,5.36,471031528.0,20.593684,78.96288,3558650.0,0.24374315068493152,378.4776538356164,7.0,7-10 yrs
736,LEGENDA FUNK,14500000,2440718089.0,Music,LegendaFUNK,0,Brazil,BR,Music,,,,,0.0,0.0,0.0,0.0,,2014.0,Jan,9.0,51.3,212559417.0,12.08,183241641.0,-14.235004,-51.92528,0.0,0.0,168.32538544827585,12.0,11-15 yrs
737,Like Nastya Stories,14500000,6944967581.0,Entertainment,Like Nastya Stories,479,United States,US,Entertainment,848.0,156.0,151.0,29941000.0,7500.0,119800.0,89800.0,1400000.0,,2019.0,Sep,9.0,88.2,328239523.0,14.7,270663028.0,37.09024,-95.712891,744900.0,0.05137241379310345,478.96328144827584,7.0,7-10 yrs
738,les boys tv2,14500000,4577292740.0,Entertainment,les boys tv2,453,United States,US,Film,1565.0,156.0,39.0,449576.0,112.0,1800.0,1300.0,21600.0,,2017.0,Feb,7.0,88.2,328239523.0,14.7,270663028.0,37.09024,-95.712891,11450.0,0.0007896551724137931,315.67536137931035,9.0,7-10 yrs
739,Lotus Music,14500000,1739129375.0,,Lotus Music,514,India,IN,Tech,5926.0,107.0,13.0,23034000.0,5800.0,92100.0,69100.0,1100000.0,100000.0,2021.0,Jun,1.0,28.1,1366417754.0,5.36,471031528.0,20.593684,78.96288,584550.0,0.04031379310344828,119.93995689655172,5.0,4-6 yrs
740,IDEIAS INCRï¿½ï¿½,14500000,3551889957.0,Howto & Style,IDEIAS INCRï¿½ï¿½,5430,Brazil,BR,Howto,2269.0,41.0,26.0,2838000.0,709.0,11400.0,8500.0,136200.0,,2017.0,Oct,30.0,51.3,212559417.0,12.08,183241641.0,-14.235004,-51.92528,72350.0,0.004989655172413793,244.95792806896551,9.0,7-10 yrs
741,Reaction Time,14500000,4260187928.0,Entertainment,Reaction Time,1717,United States,US,Entertainment,1747.0,156.0,151.0,9910000.0,2500.0,39600.0,29700.0,475700.0,,2015.0,Apr,25.0,88.2,328239523.0,14.7,270663028.0,37.09024,-95.712891,252700.0,0.01742758620689655,293.806064,11.0,11-15 yrs
742,BBC News,14500000,4598387043.0,News & Politics,BBC News,18972,United Kingdom,GB,News,1548.0,26.0,19.0,66273000.0,16600.0,265100.0,198800.0,3200000.0,100000.0,2006.0,Apr,8.0,60.0,66834405.0,3.85,55908316.0,55.378051,-3.435973,1699400.0,0.1172,317.1301408965517,20.0,15+ yrs
743,Eli Kids - Cartoons & Songs,14500000,4821183481.0,,Eli Kids - Cartoons & Songs,605,United States,US,Music,1423.0,156.0,132.0,149241000.0,37300.0,597000.0,447700.0,7200000.0,400000.0,2018.0,Jan,16.0,88.2,328239523.0,14.7,270663028.0,37.09024,-95.712891,3823850.0,0.2637137931034483,332.49541248275864,8.0,7-10 yrs
744,Boram Tube ToysReview [ï¿½ï¿½ï¿½ï¿½ï¿½ï¿½ï¿½ï¿½ï¿,14500000,5014888374.0,People & Blogs,Boram Tube ToysReview [ï¿½ï¿½ï¿½ï¿½ï¿½ï¿½ï¿½ï¿½ï,618,South Korea,KR,People,1364.0,14.0,47.0,4960000.0,1200.0,19800.0,14900.0,238100.0,,2016.0,May,18.0,94.3,51709098.0,4.15,42106719.0,35.907757,127.766922,126500.0,0.008724137931034482,345.8543706206897,10.0,7-10 yrs
745,Aadishakti Films,14500000,6290721701.0,Music,Aadishakti Films,4790,India,IN,Music,981.0,107.0,132.0,48447000.0,12100.0,193800.0,145300.0,2300000.0,200000.0,2016.0,Oct,28.0,28.1,1366417754.0,5.36,471031528.0,20.593684,78.96288,1222650.0,0.08432068965517242,433.8428759310345,10.0,7-10 yrs
746,Telemundo,14500000,8582696157.0,Entertainment,Telemundo,19201,United States,US,Entertainment,592.0,156.0,151.0,48285000.0,12100.0,193100.0,144900.0,2300000.0,,2007.0,Jan,3.0,88.2,328239523.0,14.7,270663028.0,37.09024,-95.712891,1222450.0,0.08430689655172414,591.9100797931035,19.0,15+ yrs
747,GMM25Thailand,14500000,9383692066.0,Entertainment,GMM25Thailand,68606,Thailand,TH,Entertainment,502.0,13.0,151.0,45622000.0,11400.0,182500.0,136900.0,2200000.0,100000.0,2011.0,Jun,8.0,49.3,69625582.0,0.75,35294600.0,15.870032,100.992541,1168450.0,0.08058275862068966,647.1511769655173,15.0,11-15 yrs
748,TV9 Bharatvarsh,14500000,10303519926.0,People & Blogs,TV9 Bharatvarsh,293516,India,IN,News,414.0,106.0,18.0,418474000.0,104600.0,1700000.0,1300000.0,20100000.0,700000.0,2018.0,Nov,19.0,28.1,1366417754.0,5.36,471031528.0,20.593684,78.96288,10700000.0,0.7379310344827587,710.5875811034483,8.0,7-10 yrs
749,Maroon5VEVO,14500000,20042571499.0,Music,Maroon5VEVO,147,United States,US,Music,123.0,156.0,132.0,98185000.0,24500.0,392700.0,294600.0,4700000.0,,2009.0,May,12.0,88.2,328239523.0,14.7,270663028.0,37.09024,-95.712891,2497300.0,0.17222758620689654,1382.246310275862,17.0,15+ yrs
750,Saad Lamjarred | ï¿½ï¿½ï¿½ï¿½ï¿½ï¿,14500000,4315486422.0,Music,Saad Lamjarred | ï¿½ï¿½ï¿½ï¿½ï¿½ï¿,176,Morocco,MA,Music,1710.0,1.0,132.0,37577000.0,9400.0,150300.0,112700.0,1800000.0,,2012.0,Dec,22.0,35.9,36910560.0,9.02,22975026.0,31.791702,-7.09262,956350.0,0.0659551724137931,297.6197532413793,14.0,11-15 yrs
751,Hear This Music,14500000,9201428420.0,Music,Hear This Music,39,,,Music,518.0,4.0,132.0,48193000.0,12000.0,192800.0,144600.0,2300000.0,100000.0,2016.0,Feb,13.0,,,,,,,1222300.0,0.08429655172413793,634.5812703448275,10.0,7-10 yrs
752,Lilly Singh,14500000,3517662420.0,Comedy,Lilly Singh,1064,Canada,CA,Comedy,2297.0,8.0,31.0,5329000.0,1300.0,21300.0,16000.0,255800.0,,2010.0,Oct,29.0,68.9,36991981.0,5.56,30628482.0,56.130366,-106.346771,135900.0,0.009372413793103449,242.59740827586208,16.0,15+ yrs
753,ýýýýýýýýýýýýýýýýýýýýý,14400000,600154268.0,Entertainment,ýýýýýýýýýýýýýýýýýýýýý,364,South Korea,KR,Entertainment,21132.0,14.0,151.0,1370000.0,342.0,5500.0,4100.0,65700.0,300000.0,2017.0,Mar,8.0,94.3,51709098.0,4.15,42106719.0,35.907757,127.766922,34900.0,0.002423611111111111,41.67737972222222,9.0,7-10 yrs
754,Gyan Gamingï¿½,14400000,2224121890.0,Gaming,Gyan Gamingï¿½,3086,India,IN,Games,4292.0,107.0,52.0,13891000.0,3500.0,55600.0,41700.0,666800.0,100000.0,2017.0,Sep,1.0,28.1,1366417754.0,5.36,471031528.0,20.593684,78.96288,354250.0,0.024600694444444446,154.45290902777776,9.0,7-10 yrs
755,Drawblogs,14400000,1629801448.0,Entertainment,Drawblogs,399,Peru,PE,Entertainment,6402.0,1.0,152.0,1002000.0,251.0,4000.0,3000.0,48100.0,,2014.0,May,20.0,70.7,32510453.0,3.31,25390339.0,-9.189967,-75.015152,25550.0,0.0017743055555555557,113.1806561111111,12.0,11-15 yrs
756,NOBRU,14400000,351763324.0,Gaming,nobru,2,,,People,4057274.0,,7596.0,2.0,0.0,0.01,0.01,0.1,1.0,2006.0,Feb,3.0,,,,,,,0.055,3.8194444444444445e-09,24.42800861111111,20.0,15+ yrs
757,ýýýýýýýýýýýý ýýýýýýýýýýýý I ýýýýýý ýý ýýýýýýýýýý,14400000,2972474215.0,Entertainment,ýýýýýýýýýýýý ýýýýýýýýýýýý I ýýýýýý ýý ýýýýýýýýý,381,Saudi Arabia,SA,Entertainment,2934.0,6.0,152.0,4673000.0,1200.0,18700.0,14000.0,224300.0,,2017.0,Dec,1.0,68.0,34268528.0,5.93,28807838.0,23.885942,45.079162,119150.0,0.008274305555555556,206.4218204861111,9.0,7-10 yrs
758,Cyprien,14400000,3086254545.0,Comedy,Cyprien,222,France,FR,Comedy,2767.0,2.0,32.0,11417000.0,2900.0,45700.0,34300.0,548000.0,,2007.0,Feb,25.0,65.6,67059887.0,8.43,54123364.0,46.227638,2.213749,291150.0,0.02021875,214.32323229166667,19.0,15+ yrs
759,Rclbeauty101,14400000,3900312631.0,Comedy,Rclbeauty101,463,United States,US,Entertainment,1986.0,157.0,152.0,8636000.0,2200.0,34500.0,25900.0,414500.0,,2010.0,Dec,14.0,88.2,328239523.0,14.7,270663028.0,37.09024,-95.712891,220200.0,0.015291666666666667,270.85504381944446,16.0,15+ yrs
760,Coke Studio,14400000,4035738731.0,Music,Rohail Hyatt,450,United States,US,Music,23796.0,962.0,836.0,3557000.0,889.0,14200.0,10700.0,170700.0,10000.0,2008.0,Jun,4.0,88.2,328239523.0,14.7,270663028.0,37.09024,-95.712891,90700.0,0.006298611111111111,280.2596340972222,18.0,15+ yrs
761,Indore Physical Academy,14400000,4156427797.0,People & Blogs,Indore Physical Academy,1838,India,IN,People,1793.0,107.0,47.0,70409000.0,17600.0,281600.0,211200.0,3400000.0,200000.0,2014.0,Apr,19.0,28.1,1366417754.0,5.36,471031528.0,20.593684,78.96288,1805600.0,0.12538888888888888,288.6408192361111,12.0,11-15 yrs
762,Rosanna Pansino,14400000,4597228794.0,Howto & Style,Rosanna Pansino,1248,United States,US,Howto,1552.0,157.0,27.0,26683000.0,6700.0,106700.0,80000.0,1300000.0,,2010.0,Apr,8.0,88.2,328239523.0,14.7,270663028.0,37.09024,-95.712891,690000.0,0.04791666666666667,319.2519995833333,16.0,15+ yrs
763,Harry Styles,14400000,5689224452.0,People & Blogs,harrystyles,0,United States,US,Games,4037956.0,7574.0,7340.0,,0.0,0.0,0.0,0.0,,2014.0,Jan,9.0,88.2,328239523.0,14.7,270663028.0,37.09024,-95.712891,0.0,0.0,395.08503138888886,12.0,11-15 yrs
764,Vlad and Niki PRT,14400000,6543282459.0,,Vlad and Niki PRT,516,United States,US,Entertainment,918.0,157.0,152.0,40089000.0,10000.0,160400.0,120300.0,1900000.0,,2018.0,Nov,3.0,88.2,328239523.0,14.7,270663028.0,37.09024,-95.712891,1010150.0,0.07014930555555556,454.39461520833333,8.0,7-10 yrs
765,RS 1313 SHORTS,14400000,8011977288.0,Entertainment,RS 1313 SHORTS,5628,India,IN,Entertainment,647.0,108.0,152.0,212639000.0,53200.0,850600.0,637900.0,10200000.0,200000.0,2020.0,Oct,24.0,28.1,1366417754.0,5.36,471031528.0,20.593684,78.96288,5418950.0,0.37631597222222224,556.3873116666666,6.0,4-6 yrs
766,Zig & Sharko,14400000,9023952946.0,Film & Animation,Zig & Sharko,978,,,Film,534.0,,39.0,62689000.0,15700.0,250800.0,188100.0,3000000.0,100000.0,2015.0,May,6.0,,,,,,,1594050.0,0.11069791666666666,626.6633990277778,11.0,11-15 yrs
767,SelenaGomezVEVO,14400000,11423792969.0,Music,SelenaGomezVEVO,186,United States,US,Music,354.0,157.0,133.0,88657000.0,22200.0,354600.0,266000.0,4300000.0,,2009.0,Nov,24.0,88.2,328239523.0,14.7,270663028.0,37.09024,-95.712891,2283000.0,0.15854166666666666,793.3189561805556,17.0,15+ yrs
768,ZEE5,14400000,18515587421.0,Entertainment,ZEE5,101401,India,IN,Entertainment,142.0,108.0,152.0,149799000.0,37400.0,599200.0,449400.0,7200000.0,100000.0,2018.0,Feb,13.0,28.1,1366417754.0,5.36,471031528.0,20.593684,78.96288,3824700.0,0.26560416666666664,1285.8046820138889,8.0,7-10 yrs
769,Super Polina,14300000,4776507159.0,People & Blogs,Super Polina,576,United States,US,Entertainment,1452.0,158.0,153.0,413774.0,103.0,1700.0,1200.0,19900.0,100000.0,2014.0,Jul,8.0,88.2,328239523.0,14.7,270663028.0,37.09024,-95.712891,10550.0,0.0007377622377622377,334.02147965034965,12.0,11-15 yrs
770,Rebecca Zamolo,14300000,6388439235.0,Comedy,RebeccaZamolo,1,United States,US,Entertainment,4054606.0,6342.0,5464.0,,0.0,0.0,0.0,0.0,,2011.0,Aug,4.0,88.2,328239523.0,14.7,270663028.0,37.09024,-95.712891,0.0,0.0,446.7440024475525,15.0,11-15 yrs
771,Wish 107.5,14200000,6048517979.0,Music,Wish 107.5,1823,Philippines,PH,Music,1036.0,8.0,134.0,62658000.0,15700.0,250600.0,188000.0,3000000.0,,2014.0,Jul,13.0,35.5,108116615.0,2.15,50975903.0,12.879721,121.774017,1594000.0,0.11225352112676057,425.95197035211265,12.0,11-15 yrs
772,Invento na Hora,14200000,4040297006.0,Film & Animation,Invento na Hora,1281,Brazil,BR,Entertainment,1877.0,43.0,154.0,19029000.0,4800.0,76100.0,57100.0,913400.0,,2014.0,Oct,18.0,51.3,212559417.0,12.08,183241641.0,-14.235004,-51.92528,485250.0,0.034172535211267605,284.5279581690141,12.0,11-15 yrs
773,SIS vs BRO,14200000,6973932553.0,Entertainment,SiS,60,Ukraine,UA,Entertainment,3739171.0,2460.0,4686.0,105.0,0.03,0.42,0.32,5.0,10.0,2016.0,Aug,3.0,82.7,44385155.0,8.88,30835699.0,48.379433,31.16558,2.66,1.8732394366197183e-07,491.1220107746479,10.0,7-10 yrs
774,NikkieTutorials,14200000,1778318927.0,Howto & Style,NikkieTutorials,876,Netherlands,NL,Entertainment,5764.0,2.0,154.0,35934000.0,9000.0,143700.0,107800.0,1700000.0,,2008.0,Jun,23.0,85.0,17332850.0,3.2,15924729.0,52.132633,5.291266,903900.0,0.06365492957746478,125.23372725352112,18.0,15+ yrs
775,TommyInnit,14200000,2084791147.0,Gaming,TommyInnit,342,United Kingdom,GB,Games,4696.0,27.0,55.0,54291000.0,13600.0,217200.0,162900.0,2600000.0,200000.0,2015.0,Dec,24.0,60.0,66834405.0,3.85,55908316.0,55.378051,-3.435973,1381450.0,0.09728521126760563,146.81627795774648,11.0,11-15 yrs
776,E-MasterSensei,14200000,3920559552.0,Gaming,E-MasterSensei,1300,Mexico,MX,Games,1971.0,28.0,54.0,44575000.0,11100.0,178300.0,133700.0,2100000.0,200000.0,2016.0,Jan,13.0,40.2,126014024.0,3.42,102626859.0,23.634501,-102.552784,1116850.0,0.07865140845070423,276.0957430985915,10.0,7-10 yrs
777,infobells - Kannada,14200000,6554000320.0,Education,infobells - Kannada,433,India,IN,Education,912.0,110.0,37.0,141688000.0,35400.0,566800.0,425100.0,6800000.0,300000.0,2014.0,Mar,13.0,28.1,1366417754.0,5.36,471031528.0,20.593684,78.96288,3612550.0,0.2544049295774648,461.54931830985913,12.0,11-15 yrs
778,Crazy Frog,14200000,7946322061.0,Music,CrazyFrog,0,,,Games,4057944.0,,7453.0,,0.0,0.0,0.0,0.0,,2005.0,Oct,2.0,,,,,,,0.0,0.0,559.600145140845,21.0,15+ yrs
779,The Dodo,14200000,9964116817.0,Pets & Animals,Dorukhan Gï¿½ï¿½ï,8,,,,4050736.0,,,7208.0,2.0,29.0,22.0,346.0,5.0,2006.0,Jun,14.0,,,,,,,184.0,1.295774647887324e-05,701.6983673943662,20.0,15+ yrs
780,SEVENGERS,14200000,10238593147.0,Comedy,SEVENGERS,872,India,IN,Comedy,422.0,110.0,33.0,367898000.0,92000.0,1500000.0,1100000.0,17700000.0,400000.0,2018.0,Jun,4.0,28.1,1366417754.0,5.36,471031528.0,20.593684,78.96288,9400000.0,0.6619718309859155,721.0276864084507,8.0,7-10 yrs
781,Zee Bangla,14200000,11428794827.0,Entertainment,Zee Bangla,132398,India,IN,Entertainment,352.0,109.0,153.0,59927000.0,15000.0,239700.0,179800.0,2900000.0,200000.0,2008.0,Feb,26.0,28.1,1366417754.0,5.36,471031528.0,20.593684,78.96288,1539900.0,0.10844366197183099,804.8447061267606,18.0,15+ yrs
782,DangMattSmith,14200000,3317805543.0,Entertainment,DangMattSmith,1724,United States,US,Entertainment,2485.0,159.0,154.0,12902000.0,3200.0,51600.0,38700.0,619300.0,,2011.0,Aug,18.0,88.2,328239523.0,14.7,270663028.0,37.09024,-95.712891,329000.0,0.023169014084507042,233.64827767605632,15.0,11-15 yrs
783,Neha Kakkar,14100000,2131548711.0,Music,Neha Kakkar,149,India,IN,Music,4624.0,110.0,134.0,25605000.0,6400.0,102400.0,76800.0,1200000.0,100000.0,2012.0,Oct,22.0,28.1,1366417754.0,5.36,471031528.0,20.593684,78.96288,638400.0,0.045276595744680855,151.1736674468085,14.0,11-15 yrs
784,#Refugio Mental,14100000,3594936775.0,Entertainment,#Refugio Mental,846,,,Entertainment,2218.0,,155.0,6942000.0,1700.0,27800.0,20800.0,333200.0,,2013.0,Aug,10.0,,,,,,,177000.0,0.012553191489361702,254.960054964539,13.0,11-15 yrs
785,ýýýýýýýýýýýýýýýýýýýý ýýýýýýýýýýýýýýýýýýýý,14100000,3920221322.0,Entertainment,ýýýýýýýýýýýýýýýýýýýý ýýýýýýýýýýýýýýýýýýýý,65,,,,3999155.0,,,20351.0,5.0,81.0,61.0,977.0,132.0,2017.0,Aug,4.0,,,,,,,519.0,3.680851063829787e-05,278.0298809929078,9.0,7-10 yrs
786,Trap City,14100000,5129529846.0,Music,TrapCity,3,Australia,AU,People,4032620.0,3671.0,7629.0,147.0,0.04,0.59,0.44,7.0,1.0,2015.0,Nov,4.0,113.1,25766605.0,5.27,21844756.0,-25.274398,133.775136,3.72,2.638297872340426e-07,363.7964429787234,11.0,11-15 yrs
787,Supercar Blondie,14100000,5405563355.0,Autos & Vehicles,Supercar Blondie,855,United Arab Emirates,AE,Autos,1202.0,7.0,1.0,353259000.0,88300.0,1400000.0,1100000.0,17000000.0,500000.0,2007.0,Sep,12.0,36.8,9770529.0,2.35,8479744.0,23.424076,53.847818,9050000.0,0.6418439716312057,383.3732875886525,19.0,15+ yrs
788,Yudist Ardhana,14100000,6036496916.0,Entertainment,Yudist Ardhana,2854,Indonesia,ID,Entertainment,1029.0,27.0,154.0,176062000.0,44000.0,704200.0,528200.0,8500000.0,400000.0,2016.0,Jan,6.0,36.3,270203917.0,4.69,151509724.0,-0.789275,113.921327,4514100.0,0.3201489361702128,428.1203486524823,10.0,7-10 yrs
789,Lana Del Rey,14100000,6884215292.0,Music,Lana Del Rey,43,United States,US,Music,856.0,160.0,135.0,135563000.0,33900.0,542300.0,406700.0,6500000.0,200000.0,2011.0,May,5.0,88.2,328239523.0,14.7,270663028.0,37.09024,-95.712891,3453350.0,0.24491843971631205,488.24221929078016,15.0,11-15 yrs
790,MalumaVEVO,14100000,19013942981.0,Music,MalumaVEVO,182,United States,US,Music,138.0,160.0,135.0,98834000.0,24700.0,395300.0,296500.0,4700000.0,,2011.0,Jun,15.0,88.2,328239523.0,14.7,270663028.0,37.09024,-95.712891,2498250.0,0.17718085106382978,1348.506594397163,15.0,11-15 yrs
791,F2Freestylers - Ultimate Soccer Skills Channel,14100000,3280481927.0,Sports,F2Freestylers - Ultimate Soccer Skills Channï¿½,777,United Kingdom,GB,Sports,2530.0,28.0,10.0,10222000.0,2600.0,40900.0,30700.0,490600.0,,2011.0,Apr,9.0,60.0,66834405.0,3.85,55908316.0,55.378051,-3.435973,260650.0,0.01848581560283688,232.65829269503547,15.0,11-15 yrs
792,Bie The Ska,14100000,4627069704.0,Entertainment,Bie The Ska,1540,Thailand,TH,Entertainment,1531.0,14.0,155.0,12502000.0,3100.0,50000.0,37500.0,600100.0,100000.0,2006.0,Oct,3.0,49.3,69625582.0,0.75,35294600.0,15.870032,100.992541,318800.0,0.022609929078014183,328.1609719148936,20.0,15+ yrs
793,AM3NlC,14000000,4959982720.0,Gaming,AM3NlC,5757,Brazil,BR,People,1392.0,45.0,49.0,10210000.0,2600.0,40800.0,30600.0,490100.0,,2012.0,Dec,15.0,51.3,212559417.0,12.08,183241641.0,-14.235004,-51.92528,260350.0,0.018596428571428573,354.28448,14.0,11-15 yrs
794,Narins Beauty,14000000,2214167846.0,Howto & Style,Narins Beauty,431,Sweden,SE,Entertainment,4325.0,3.0,156.0,13709000.0,3400.0,54800.0,41100.0,658000.0,,2014.0,Sep,24.0,67.0,10285453.0,6.48,9021165.0,60.128161,18.643501,349550.0,0.024967857142857142,158.15484614285714,12.0,11-15 yrs
795,TV Ana Emilia,14000000,4674164601.0,People & Blogs,TV Ana Emilia,651,Mexico,MX,Entertainment,1504.0,29.0,156.0,26783000.0,6700.0,107100.0,80300.0,1300000.0,100000.0,2014.0,Dec,30.0,40.2,126014024.0,3.42,102626859.0,23.634501,-102.552784,690150.0,0.049296428571428574,333.8689000714286,12.0,11-15 yrs
796,ýýýýýýýýýýýý,14000000,7719743112.0,Gaming,ýýýýýýýýýýýý,2210,Russia,RU,Games,703.0,12.0,56.0,150570000.0,37600.0,602300.0,451700.0,7200000.0,200000.0,2013.0,Oct,26.0,81.9,144373535.0,4.59,107683889.0,61.52401,105.318756,3825850.0,0.273275,551.4102222857143,13.0,11-15 yrs
797,Luli Pampï¿½,14000000,8623705301.0,Music,Luli Pampï¿½,294,Spain,ES,Music,579.0,15.0,136.0,201659000.0,50400.0,806600.0,605000.0,9700000.0,100000.0,2012.0,Dec,22.0,88.9,47076781.0,13.96,37927409.0,40.463667,-3.74922,5152500.0,0.3680357142857143,615.9789500714286,14.0,11-15 yrs
798,Gallina Pintadita,14000000,9660950823.0,Music,Gallina Pintadita,62,Mexico,MX,Film,477.0,29.0,40.0,70626000.0,17700.0,282500.0,211900.0,3400000.0,,2011.0,Aug,2.0,40.2,126014024.0,3.42,102626859.0,23.634501,-102.552784,1805950.0,0.12899642857142857,690.0679159285714,15.0,11-15 yrs
799,ViralHog,14000000,18917687143.0,People & Blogs,ViralHog,41117,United States,US,Animals,136.0,159.0,3.0,1364000000.0,340900.0,5500000.0,4100000.0,65500000.0,1100000.0,2014.0,Aug,22.0,88.2,328239523.0,14.7,270663028.0,37.09024,-95.712891,34800000.0,2.4857142857142858,1351.263367357143,12.0,11-15 yrs
800,ETV Jabardasth,14000000,13542939513.0,People & Blogs,ETV Jabardasth,9652,India,IN,Comedy,268.0,111.0,34.0,133584000.0,33400.0,534300.0,400800.0,6400000.0,100000.0,2015.0,Jul,14.0,28.1,1366417754.0,5.36,471031528.0,20.593684,78.96288,3400400.0,0.2428857142857143,967.3528223571428,11.0,11-15 yrs
801,Zee Telugu,14000000,12597067132.0,Entertainment,zeetelugu,3,India,IN,Music,4039216.0,4651.0,4603.0,7.0,0.0,0.03,0.02,0.34,,2007.0,Jan,31.0,28.1,1366417754.0,5.36,471031528.0,20.593684,78.96288,0.18000000000000002,1.2857142857142859e-08,899.7905094285715,19.0,15+ yrs
802,Crescendo com Luluca,14000000,5094050461.0,Entertainment,Crescendo com Luluca,1307,Brazil,BR,People,1327.0,44.0,48.0,68058000.0,17000.0,272200.0,204200.0,3300000.0,100000.0,2015.0,Aug,30.0,51.3,212559417.0,12.08,183241641.0,-14.235004,-51.92528,1752100.0,0.12515,363.8607472142857,11.0,11-15 yrs
803,Jazzghost,13900000,5673347763.0,Gaming,Jazzghost,5494,Brazil,BR,Games,1140.0,46.0,57.0,106718000.0,26700.0,426900.0,320200.0,5100000.0,100000.0,2012.0,Aug,30.0,51.3,212559417.0,12.08,183241641.0,-14.235004,-51.92528,2710100.0,0.19497122302158273,408.154515323741,14.0,11-15 yrs
804,karameeshchannel,13900000,9106781518.0,Entertainment,karameeshchannel,2254,Jordan,JO,Music,526.0,3.0,137.0,87639000.0,21900.0,350600.0,262900.0,4200000.0,100000.0,2012.0,Jan,18.0,34.4,10101694.0,14.72,9213048.0,30.585164,36.238414,2231450.0,0.16053597122302157,655.1641379856115,14.0,11-15 yrs
805,Darkar Company Studios,13900000,2244318380.0,Film & Animation,Darkar Company Studios,183,United States,US,Comedy,4234.0,161.0,35.0,4598000.0,1100.0,18400.0,13800.0,220700.0,,2009.0,Feb,15.0,88.2,328239523.0,14.7,270663028.0,37.09024,-95.712891,117250.0,0.00843525179856115,161.46175395683454,17.0,15+ yrs
806,Dental Digest,13900000,7450345720.0,People & Blogs,Dental Digest,324,,,People,745.0,,50.0,231562000.0,57900.0,926200.0,694700.0,11100000.0,300000.0,2020.0,Aug,12.0,,,,,,,5897350.0,0.42426978417266187,535.9960949640288,6.0,4-6 yrs
807,T-Series Regional,13900000,5217553897.0,Entertainment,T-Series Regional,15075,India,IN,Music,1275.0,111.0,136.0,33484000.0,8400.0,133900.0,100500.0,1600000.0,100000.0,2011.0,Feb,14.0,28.1,1366417754.0,5.36,471031528.0,20.593684,78.96288,850250.0,0.06116906474820144,375.36358971223024,15.0,11-15 yrs
808,ADEL et SAMI,13900000,5465532801.0,Entertainment,ADEL et SAMI,503,United States,US,Entertainment,1200.0,161.0,157.0,26883000.0,6700.0,107500.0,80600.0,1300000.0,,2018.0,Mar,12.0,88.2,328239523.0,14.7,270663028.0,37.09024,-95.712891,690300.0,0.04966187050359712,393.2037986330935,8.0,7-10 yrs
809,Jamuna TV,13900000,12129583055.0,News & Politics,jamuna tv24,6,Bangladesh,BD,Entertainment,4056658.0,3776.0,6756.0,1.0,0.0,0.0,0.0,0.05,,2021.0,Feb,10.0,20.6,167310838.0,4.19,60987417.0,23.684994,90.356331,0.025,1.7985611510791367e-09,872.6318744604316,5.0,4-6 yrs
810,Atlantic Records,13900000,12513842343.0,Music,Atlantic Records,1660,United States,US,Music,307.0,161.0,137.0,97284000.0,24300.0,389100.0,291900.0,4700000.0,100000.0,2006.0,Dec,15.0,88.2,328239523.0,14.7,270663028.0,37.09024,-95.712891,2495950.0,0.17956474820143886,900.2764275539569,20.0,15+ yrs
811,ýýýýýýýý ýý ýýýýýýýýýýýý,13900000,8451754769.0,,ýýýýýýýý ýý ýýýýýýýýýýýý,504,United States,US,People,600.0,161.0,50.0,114261000.0,28600.0,457000.0,342800.0,5500000.0,200000.0,2018.0,Oct,12.0,88.2,328239523.0,14.7,270663028.0,37.09024,-95.712891,2921400.0,0.2101726618705036,608.0399114388489,8.0,7-10 yrs
812,Veritasium,13900000,2165885634.0,Education,Veritasium,369,United States,US,Education,4466.0,161.0,38.0,44149000.0,11000.0,176600.0,132400.0,2100000.0,200000.0,2010.0,Jul,21.0,88.2,328239523.0,14.7,270663028.0,37.09024,-95.712891,1116200.0,0.08030215827338129,155.81911035971223,16.0,15+ yrs
813,Alexa Rivera,13900000,3193226072.0,Howto & Style,Alexa Rivera,288,,,Entertainment,2613.0,,157.0,142760000.0,35700.0,571000.0,428300.0,6900000.0,300000.0,2010.0,Aug,21.0,,,,,,,3664150.0,0.2636079136690648,229.7284943884892,16.0,15+ yrs
814,Airrack,13800000,2224911030.0,Entertainment,Airrack,173,United States,US,Entertainment,4285.0,161.0,157.0,99654000.0,24900.0,398600.0,299000.0,4800000.0,300000.0,2015.0,Jan,3.0,88.2,328239523.0,14.7,270663028.0,37.09024,-95.712891,2549500.0,0.1847463768115942,161.22543695652175,11.0,11-15 yrs
815,Hacksmith Industries,13800000,1820559912.0,Science & Technology,Hacksmith Industries,887,Canada,CA,Tech,5524.0,10.0,14.0,83943000.0,21000.0,335800.0,251800.0,4000000.0,100000.0,2006.0,Apr,20.0,68.9,36991981.0,5.56,30628482.0,56.130366,-106.346771,2125900.0,0.15405072463768116,131.92463130434783,20.0,15+ yrs
816,JD Pantoja,13800000,1493776391.0,People & Blogs,JD Pantoja,16,,,Music,7134.0,,138.0,13533000.0,3400.0,54100.0,40600.0,649600.0,100000.0,2017.0,Jun,5.0,,,,,,,345100.0,0.025007246376811593,108.24466601449275,9.0,7-10 yrs
817,ýýýýýýýý/Atro,13800000,2480957682.0,Gaming,ýýýýýýýý/Atro,1952,Netherlands,NL,Games,3690.0,4.0,58.0,55122000.0,13800.0,220500.0,165400.0,2600000.0,200000.0,2017.0,Jul,2.0,85.0,17332850.0,3.2,15924729.0,52.132633,5.291266,1382700.0,0.10019565217391305,179.77954217391306,9.0,7-10 yrs
818,123 GO! Spanish,13800000,5019136690.0,People & Blogs,123 GO! Spanish,520,Mexico,MX,Howto,1361.0,30.0,28.0,26519000.0,6600.0,106100.0,79600.0,1300000.0,100000.0,2019.0,Mar,13.0,40.2,126014024.0,3.42,102626859.0,23.634501,-102.552784,689800.0,0.04998550724637681,363.7055572463768,7.0,7-10 yrs
819,Geo News,13800000,5727888539.0,News & Politics,Geo News,190093,Pakistan,PK,News,1127.0,6.0,21.0,100053000.0,25000.0,400200.0,300200.0,4800000.0,100000.0,2007.0,Jan,10.0,9.0,216565318.0,4.45,79927762.0,30.375321,69.345116,2550100.0,0.18478985507246376,415.06438688405797,19.0,15+ yrs
820,Kids TV India Hindi Nursery Rhymes,13800000,6646953396.0,Shows,Kids TV India Hindi Nursery Rhymes,1505,India,IN,Education,898.0,112.0,38.0,78651000.0,19700.0,314600.0,236000.0,3800000.0,100000.0,2014.0,Nov,17.0,28.1,1366417754.0,5.36,471031528.0,20.593684,78.96288,2018000.0,0.14623188405797102,481.6632895652174,12.0,11-15 yrs
821,Think Music India,13800000,11039343563.0,Music,Think Music India,4978,India,IN,Music,374.0,112.0,137.0,217106000.0,54300.0,868400.0,651300.0,10400000.0,200000.0,2009.0,Aug,15.0,28.1,1366417754.0,5.36,471031528.0,20.593684,78.96288,5525650.0,0.40040942028985504,799.9524321014493,17.0,15+ yrs
822,O Que Nï¿½ï¿½ï¿½ï¿½ï¿½ï¿,13700000,1967930734.0,Comedy,O Que Nï¿½ï¿½ï¿½ï¿½ï¿½ï¿,696,Brazil,BR,Entertainment,5035.0,47.0,159.0,87804000.0,22000.0,351200.0,263400.0,4200000.0,200000.0,2015.0,Feb,6.0,51.3,212559417.0,12.08,183241641.0,-14.235004,-51.92528,2231700.0,0.1628978102189781,143.64457912408758,11.0,11-15 yrs
823,Goldmines Premiere,13700000,1973638757.0,Entertainment,Goldmines Premiere,975,India,IN,Film,5047.0,113.0,41.0,37648000.0,9400.0,150600.0,112900.0,1800000.0,100000.0,2013.0,Oct,12.0,28.1,1366417754.0,5.36,471031528.0,20.593684,78.96288,956450.0,0.06981386861313868,144.06122313868613,13.0,11-15 yrs
824,MAIKI021,13700000,1950178163.0,Entertainment,MAIKI021,3298,Brazil,BR,Entertainment,5135.0,47.0,159.0,7438000.0,1900.0,29800.0,22300.0,357000.0,,2008.0,Jan,22.0,51.3,212559417.0,12.08,183241641.0,-14.235004,-51.92528,189650.0,0.013843065693430657,142.34877102189782,18.0,15+ yrs
825,The Vishal bhatt,13700000,9596430464.0,Comedy,The Vishal bhatt,1040,India,IN,Comedy,487.0,113.0,36.0,379240000.0,94800.0,1500000.0,1100000.0,18200000.0,600000.0,2021.0,Aug,15.0,28.1,1366417754.0,5.36,471031528.0,20.593684,78.96288,9650000.0,0.7043795620437956,700.4693769343065,5.0,4-6 yrs
826,NishaMadhulika,13700000,2939201386.0,Howto & Style,NishaMadhulika,2158,India,IN,Howto,2972.0,113.0,29.0,22235000.0,5600.0,88900.0,66700.0,1100000.0,100000.0,2009.0,Aug,2.0,28.1,1366417754.0,5.36,471031528.0,20.593684,78.96288,583350.0,0.042580291970802917,214.54024715328467,17.0,15+ yrs
827,MyMissAnand,13700000,4963275018.0,People & Blogs,MyMissAnand,340,India,IN,Entertainment,1387.0,113.0,159.0,27882000.0,7000.0,111500.0,83600.0,1300000.0,,2014.0,Jul,22.0,28.1,1366417754.0,5.36,471031528.0,20.593684,78.96288,691800.0,0.050496350364963506,362.28284802919705,12.0,11-15 yrs
828,FAPTV,13700000,5457203710.0,Comedy,FAPTV,863,Vietnam,VN,Comedy,1205.0,3.0,36.0,35124000.0,8800.0,140500.0,105400.0,1700000.0,,2014.0,Feb,26.0,28.5,96462106.0,2.01,35332140.0,14.058324,108.277199,902700.0,0.0658905109489051,398.33603722627737,12.0,11-15 yrs
829,Wesley Safadï¿½,13700000,8134379376.0,Music,Wesley Safadï¿½,438,Brazil,BR,Music,631.0,47.0,139.0,64059000.0,16000.0,256200.0,192200.0,3100000.0,,2009.0,Jun,21.0,51.3,212559417.0,12.08,183241641.0,-14.235004,-51.92528,1646100.0,0.12015328467153284,593.7503194160583,17.0,15+ yrs
830,infobells,13700000,5178142148.0,Education,infobells,495,India,IN,Education,1289.0,113.0,39.0,23893000.0,6000.0,95600.0,71700.0,1100000.0,100000.0,2011.0,Oct,20.0,28.1,1366417754.0,5.36,471031528.0,20.593684,78.96288,585850.0,0.04276277372262774,377.9665801459854,15.0,11-15 yrs
831,Desi Gamers,13700000,2135195239.0,Gaming,Desi gamers,1,,,Tech,4057849.0,,4183.0,5.0,0.0,0.02,0.02,0.24,,2020.0,Apr,14.0,,,,,,,0.13,9.489051094890512e-09,155.85366708029198,6.0,4-6 yrs
832,Acenix,13600000,2122062016.0,Gaming,Acenix,368,Spain,ES,Games,4572.0,16.0,60.0,47436000.0,11900.0,189700.0,142300.0,2300000.0,200000.0,2014.0,Jan,2.0,88.9,47076781.0,13.96,37927409.0,40.463667,-3.74922,1221150.0,0.08979044117647059,156.03397176470588,12.0,11-15 yrs
833,Zeinab Harake,13600000,896891351.0,,Zeinab Harake,273,Philippines,PH,People,13437.0,9.0,51.0,12088000.0,3000.0,48400.0,36300.0,580200.0,100000.0,2017.0,Oct,19.0,35.5,108116615.0,2.15,50975903.0,12.879721,121.774017,308250.0,0.02266544117647059,65.94789345588235,9.0,7-10 yrs
834,DALLMYD,13600000,1948925559.0,Sports,DALLMYD,412,United States,US,Sports,5133.0,164.0,11.0,30677000.0,7700.0,122700.0,92000.0,1500000.0,100000.0,2011.0,Feb,1.0,88.2,328239523.0,14.7,270663028.0,37.09024,-95.712891,796000.0,0.058529411764705885,143.3033499264706,15.0,11-15 yrs
835,Lindsey Stirling,13600000,3764608356.0,Music,Lindsey Stirling,199,United States,US,Music,2084.0,163.0,139.0,15277000.0,3800.0,61100.0,45800.0,733300.0,100000.0,2007.0,May,20.0,88.2,328239523.0,14.7,270663028.0,37.09024,-95.712891,389550.0,0.028643382352941175,276.8094379411765,19.0,15+ yrs
836,JOJO TV - Hindi Stories,13600000,5141201173.0,Education,JOJO TV - Hindi Stories,1097,India,IN,Film,1303.0,114.0,42.0,10764000.0,2700.0,43100.0,32300.0,516700.0,100000.0,2016.0,Dec,25.0,28.1,1366417754.0,5.36,471031528.0,20.593684,78.96288,274500.0,0.020183823529411764,378.0294980147059,10.0,7-10 yrs
837,BBC,13600000,9685060624.0,Pets & Animals,BBC,16047,United Kingdom,GB,Entertainment,474.0,29.0,160.0,44414000.0,11100.0,177700.0,133200.0,2100000.0,100000.0,2005.0,Nov,12.0,60.0,66834405.0,3.85,55908316.0,55.378051,-3.435973,1116600.0,0.08210294117647059,712.1368105882353,21.0,15+ yrs
838,Saturday Night Live,13600000,14717282742.0,Entertainment,Saturday Night Live,8335,United States,US,Comedy,232.0,164.0,37.0,56626000.0,14200.0,226500.0,169900.0,2700000.0,,2013.0,Jul,23.0,88.2,328239523.0,14.7,270663028.0,37.09024,-95.712891,1434950.0,0.10551102941176471,1082.1531427941177,13.0,11-15 yrs
839,BUDI01 GAMING,13500000,1181292450.0,Gaming,BUDI01 GAMING,319,Indonesia,ID,Games,9540.0,29.0,61.0,13436000.0,3400.0,53700.0,40300.0,644900.0,,2019.0,Jul,19.0,36.3,270203917.0,4.69,151509724.0,-0.789275,113.921327,342600.0,0.025377777777777777,87.50314444444444,7.0,7-10 yrs
840,Typical Gamer,13500000,4301581610.0,Gaming,Typical Gamer,4312,Canada,CA,Games,1716.0,11.0,61.0,32557000.0,8100.0,130200.0,97700.0,1600000.0,,2008.0,Aug,24.0,68.9,36991981.0,5.56,30628482.0,56.130366,-106.346771,848850.0,0.06287777777777778,318.6356748148148,18.0,15+ yrs
841,Anaysa,13500000,3445794123.0,Howto & Style,Anaysa,591,India,IN,Howto,2364.0,115.0,30.0,29706000.0,7400.0,118800.0,89100.0,1400000.0,,2012.0,Mar,10.0,28.1,1366417754.0,5.36,471031528.0,20.593684,78.96288,744550.0,0.055151851851851855,255.2440091111111,14.0,11-15 yrs
842,JULIA GISELLA,13500000,5380132790.0,Entertainment,Julia Gisella,19,United Kingdom,GB,Music,3767960.0,2492.0,3189.0,1615.0,0.4,6.0,5.0,78.0,130.0,2015.0,Mar,24.0,60.0,66834405.0,3.85,55908316.0,55.378051,-3.435973,41.5,3.074074074074074e-06,398.5283548148148,11.0,11-15 yrs
843,Awakening Music,13500000,5545936485.0,Music,Awakening Music,814,United Kingdom,GB,Music,1183.0,30.0,140.0,35309000.0,8800.0,141200.0,105900.0,1700000.0,100000.0,2006.0,Dec,25.0,60.0,66834405.0,3.85,55908316.0,55.378051,-3.435973,902950.0,0.06688518518518519,410.81011,20.0,15+ yrs
844,Lady Diana,13500000,8265920659.0,Entertainment,Lady Diana,1403,Ukraine,UA,People,620.0,4.0,52.0,75162000.0,18800.0,300600.0,225500.0,3600000.0,100000.0,2016.0,Mar,21.0,82.7,44385155.0,8.88,30835699.0,48.379433,31.16558,1912750.0,0.1416851851851852,612.2904191851852,10.0,7-10 yrs
845,Sanjoy Das Official,13500000,3912334359.0,Entertainment,Sanjoy Das Official,1793,India,IN,Games,1954.0,114.0,60.0,179232000.0,44800.0,716900.0,537700.0,8600000.0,400000.0,2015.0,Apr,29.0,28.1,1366417754.0,5.36,471031528.0,20.593684,78.96288,4568850.0,0.3384333333333333,289.8025451111111,11.0,11-15 yrs
846,Woody & Kleiny,13500000,11717217293.0,Comedy,Woody & Kleiny,975,United Kingdom,GB,Entertainment,333.0,29.0,160.0,495561000.0,123900.0,2000000.0,1500000.0,23800000.0,400000.0,2013.0,Mar,30.0,60.0,66834405.0,3.85,55908316.0,55.378051,-3.435973,12650000.0,0.937037037037037,867.9420217037037,13.0,11-15 yrs
847,Vijay Kumar Viner Vlogs,13500000,7958771872.0,Entertainment,Vijay Kumar Viner Vlogs,1357,India,IN,Entertainment,663.0,116.0,162.0,109813000.0,27500.0,439300.0,329400.0,5300000.0,300000.0,2019.0,Mar,22.0,28.1,1366417754.0,5.36,471031528.0,20.593684,78.96288,2814700.0,0.2084962962962963,589.5386571851852,7.0,7-10 yrs
848,Conor Maynard,13500000,2750993392.0,Music,Conor Maynard,321,United States,US,Music,3257.0,165.0,140.0,10787000.0,2700.0,43100.0,32400.0,517800.0,,2006.0,May,19.0,88.2,328239523.0,14.7,270663028.0,37.09024,-95.712891,275100.0,0.02037777777777778,203.7772882962963,20.0,15+ yrs
849,Wengie,13500000,1900272833.0,Howto & Style,Wengie,462,United States,US,Howto,5297.0,165.0,30.0,1335000.0,334.0,5300.0,4000.0,64100.0,100000.0,2010.0,Sep,9.0,88.2,328239523.0,14.7,270663028.0,37.09024,-95.712891,34050.0,0.002522222222222222,140.7609505925926,16.0,15+ yrs
850,Vlad y Niki Show,13400000,4622628957.0,,Vlad y Niki Show,477,United States,US,Entertainment,1537.0,166.0,162.0,92228000.0,23100.0,368900.0,276700.0,4400000.0,200000.0,2018.0,Nov,8.0,88.2,328239523.0,14.7,270663028.0,37.09024,-95.712891,2338350.0,0.1745037313432836,344.9723102238806,8.0,7-10 yrs
851,Codiscos,13400000,11789678655.0,Music,Codiscos,7356,Colombia,CO,Music,330.0,9.0,140.0,228902000.0,57200.0,915600.0,686700.0,11000000.0,100000.0,2007.0,Feb,8.0,55.3,50339443.0,9.71,40827302.0,4.570868,-74.297333,5843350.0,0.43607089552238804,879.8267652985074,19.0,15+ yrs
852,The World Adventures ï¿½ï¿½ï¿½ï¿½ï¿½ï¿½,13400000,2139769210.0,People & Blogs,The World Adventures ï¿½ï¿½ï¿½ï¿½ï¿½ï¿½,1028,India,IN,People,4540.0,116.0,53.0,1043000.0,261.0,4200.0,3100.0,50100.0,,2016.0,Sep,9.0,28.1,1366417754.0,5.36,471031528.0,20.593684,78.96288,26600.0,0.0019850746268656717,159.68426940298508,10.0,7-10 yrs
853,Vibhu 96,13400000,20563378.0,,Vibhu 96,256,India,IN,Education,342460.0,114.0,40.0,20264000.0,5100.0,81100.0,60800.0,972700.0,300000.0,2022.0,Jun,5.0,28.1,1366417754.0,5.36,471031528.0,20.593684,78.96288,516750.0,0.03856343283582089,1.534580447761194,4.0,4-6 yrs
854,Blockbuster Movies,13400000,2650061211.0,Entertainment,Blockbuster Movies,0,India,IN,,4057944.0,5589.0,,,0.0,0.0,0.0,0.0,,2017.0,Jul,4.0,28.1,1366417754.0,5.36,471031528.0,20.593684,78.96288,0.0,0.0,197.76576201492537,9.0,7-10 yrs
855,ATHLEAN-Xï¿½,13400000,2319515787.0,Howto & Style,ATHLEAN-Xï¿½,1349,United States,US,Howto,4039.0,166.0,31.0,14498000.0,3600.0,58000.0,43500.0,695900.0,,2006.0,Dec,16.0,88.2,328239523.0,14.7,270663028.0,37.09024,-95.712891,369700.0,0.02758955223880597,173.0981930597015,20.0,15+ yrs
856,My Mate Nate,13400000,3363634923.0,Comedy,My Mate Nate,1195,Thailand,TH,Entertainment,2436.0,15.0,162.0,41672000.0,10400.0,166700.0,125000.0,2000000.0,,2014.0,Dec,8.0,49.3,69625582.0,0.75,35294600.0,15.870032,100.992541,1062500.0,0.07929104477611941,251.01753156716418,12.0,11-15 yrs
857,H2ODelirious,13400000,4356686216.0,Gaming,H2ODelirious,3727,United States,US,Games,1683.0,166.0,62.0,16785000.0,4200.0,67100.0,50400.0,805700.0,,2007.0,May,24.0,88.2,328239523.0,14.7,270663028.0,37.09024,-95.712891,428050.0,0.03194402985074627,325.12583701492537,19.0,15+ yrs
858,GMA Integrated News,13400000,9569814790.0,News & Politics,GMA Integrated News,296272,Philippines,PH,News,486.0,10.0,22.0,115459000.0,28900.0,461800.0,346400.0,5500000.0,100000.0,2007.0,Oct,29.0,35.5,108116615.0,2.15,50975903.0,12.879721,121.774017,2923200.0,0.21814925373134328,714.1652828358209,19.0,15+ yrs
859,Peet Montzingo,13400000,10022557589.0,People & Blogs,Peet Montzingo,319,United States,US,People,433.0,165.0,52.0,397715000.0,99400.0,1600000.0,1200000.0,19100000.0,500000.0,2014.0,Jun,1.0,88.2,328239523.0,14.7,270663028.0,37.09024,-95.712891,10150000.0,0.7574626865671642,747.9520588805971,12.0,11-15 yrs
860,The Q,13400000,4306212515.0,People & Blogs,Tom Duggan,96,United States,US,Sports,3846885.0,7615.0,4466.0,3.0,0.0,0.01,0.01,0.14,1.0,2006.0,Jan,17.0,88.2,328239523.0,14.7,270663028.0,37.09024,-95.712891,0.07500000000000001,5.597014925373135e-09,321.35914291044776,20.0,15+ yrs
861,Trakin Tech,13300000,2262690743.0,Science & Technology,Trakin Tech,3640,India,IN,Tech,4152.0,116.0,16.0,43669000.0,10900.0,174700.0,131000.0,2100000.0,100000.0,2011.0,Nov,2.0,28.1,1366417754.0,5.36,471031528.0,20.593684,78.96288,1115500.0,0.08387218045112782,170.12712353383458,15.0,11-15 yrs
862,theRadBrad,13300000,6050102764.0,Gaming,theRadBrad,8195,United States,US,Games,1038.0,167.0,63.0,15694000.0,3900.0,62800.0,47100.0,753300.0,,2006.0,Nov,27.0,88.2,328239523.0,14.7,270663028.0,37.09024,-95.712891,400200.0,0.030090225563909775,454.8949446616541,20.0,15+ yrs
863,Matt Steffanina,13300000,3299216601.0,Entertainment,Matt Steffanina,331,United States,US,Entertainment,14275.0,692.0,694.0,1929000.0,482.0,7700.0,5800.0,92600.0,,2007.0,Nov,28.0,88.2,328239523.0,14.7,270663028.0,37.09024,-95.712891,49200.0,0.003699248120300752,248.06139857142858,19.0,15+ yrs
864,Stray Kids,13300000,3364230487.0,People & Blogs,straykids,3,,,Comedy,4057875.0,,4896.0,2.0,0.0,0.01,0.01,0.1,1.0,2007.0,Mar,17.0,,,,,,,0.055,4.135338345864662e-09,252.94966067669174,19.0,15+ yrs
865,Kurt Hugo Schneider,13300000,3733856870.0,Entertainment,Kurt Hugo Schneider,698,United States,US,Entertainment,2110.0,167.0,163.0,4233000.0,1100.0,16900.0,12700.0,203200.0,,2007.0,Oct,16.0,88.2,328239523.0,14.7,270663028.0,37.09024,-95.712891,107950.0,0.00811654135338346,280.7411180451128,19.0,15+ yrs
866,Vogue,13300000,4177184071.0,Entertainment,Vogue,3166,United States,US,People,1789.0,167.0,54.0,45095000.0,11300.0,180400.0,135300.0,2200000.0,100000.0,2008.0,Jun,29.0,88.2,328239523.0,14.7,270663028.0,37.09024,-95.712891,1167650.0,0.08779323308270677,314.07399030075186,18.0,15+ yrs
867,ýýýýýýýýýýýýýýýýýý,13300000,6482687220.0,People & Blogs,ýýýýýýýýýýýýýýýýýý,608,Russia,RU,Entertainment,927.0,13.0,163.0,90241000.0,22600.0,361000.0,270700.0,4300000.0,100000.0,2015.0,Oct,4.0,81.9,144373535.0,4.59,107683889.0,61.52401,105.318756,2285350.0,0.17183082706766917,487.4200917293233,11.0,11-15 yrs
868,Kids Lineï¿½ï¿½ï¿½ï¿½ï¿½ï¿½ï¿½,13300000,9088562002.0,People & Blogs,Kids Lineï¿½ï¿½ï¿½ï¿½ï¿½ï¿½ï¿½,2742,United States,US,Education,524.0,166.0,41.0,161889000.0,40500.0,647600.0,485700.0,7800000.0,100000.0,2011.0,Nov,26.0,88.2,328239523.0,14.7,270663028.0,37.09024,-95.712891,4142850.0,0.31149248120300754,683.3505264661654,15.0,11-15 yrs
869,VexTrex,13300000,7923901253.0,Entertainment,VexTrex,2411,Ukraine,UA,Entertainment,669.0,5.0,163.0,379346000.0,0.0,0.0,0.0,0.0,,2014.0,Sep,8.0,82.7,44385155.0,8.88,30835699.0,48.379433,31.16558,0.0,0.0,595.7820490977443,12.0,11-15 yrs
870,penguinz0,13300000,7773543609.0,Gaming,penguinz0,4613,United States,US,Entertainment,689.0,166.0,162.0,188948000.0,47200.0,755800.0,566800.0,9100000.0,200000.0,2007.0,May,7.0,88.2,328239523.0,14.7,270663028.0,37.09024,-95.712891,4833400.0,0.36341353383458647,584.4769630827068,19.0,15+ yrs
871,Just For Laughs Gags,13300000,7406628736.0,Comedy,Just For Laughs Gags,6916,United States,US,Comedy,764.0,167.0,38.0,17468000.0,4400.0,69900.0,52400.0,838500.0,100000.0,2007.0,Jan,14.0,88.2,328239523.0,14.7,270663028.0,37.09024,-95.712891,445450.0,0.03349248120300752,556.8893786466166,19.0,15+ yrs
872,Kabita's Kitchen,13300000,2831275503.0,Howto & Style,Kabita's Kitchen,1489,India,IN,Howto,3123.0,117.0,32.0,43118000.0,10800.0,172500.0,129400.0,2100000.0,,2014.0,Oct,7.0,28.1,1366417754.0,5.36,471031528.0,20.593684,78.96288,1114700.0,0.08381203007518798,212.87785736842105,12.0,11-15 yrs
873,BanderitaX,13300000,4129249415.0,Gaming,BanderitaX,1640,Saudi Arabia,SA,Games,1818.0,7.0,63.0,70712000.0,17700.0,282800.0,212100.0,3400000.0,200000.0,2013.0,Aug,20.0,68.0,34268528.0,5.93,28807838.0,23.885942,45.079162,1806050.0,0.13579323308270677,310.46988082706764,13.0,11-15 yrs
874,AzzyLand,13300000,6412313570.0,Gaming,AzzyLand,1749,Canada,CA,Entertainment,949.0,12.0,163.0,5387000.0,1300.0,21500.0,16200.0,258600.0,100000.0,2015.0,May,8.0,68.9,36991981.0,5.56,30628482.0,56.130366,-106.346771,137400.0,0.010330827067669173,482.12883984962406,11.0,11-15 yrs
875,HUBAï¿½ï¿½,13200000,9884886099.0,Entertainment,HUBAï¿½ï¿½,538,United States,US,Entertainment,454.0,167.0,163.0,319647000.0,79900.0,1300000.0,958900.0,15300000.0,500000.0,2021.0,Feb,20.0,88.2,328239523.0,14.7,270663028.0,37.09024,-95.712891,8129450.0,0.6158674242424242,748.8550075,5.0,4-6 yrs
876,BIBO ï¿½ï¿½ï¿½ï¿½ï¿½ï¿,13200000,1148422000.0,Entertainment,BIBO ï¿½ï¿½ï¿½ï¿½ï¿½ï¿,192,Russia,RU,Entertainment,9855.0,13.0,163.0,8769000.0,2200.0,35100.0,26300.0,420900.0,200000.0,2019.0,Jan,10.0,81.9,144373535.0,4.59,107683889.0,61.52401,105.318756,223600.0,0.016939393939393938,87.00166666666667,7.0,7-10 yrs
877,Brawl Stars,13200000,2036408398.0,Gaming,Brawl Stars,172,Finland,FI,Games,4846.0,1.0,64.0,20369000.0,5100.0,81500.0,61100.0,977700.0,,2017.0,Apr,28.0,88.2,5520314.0,6.59,4716888.0,61.92411,25.748151,519400.0,0.03934848484848485,154.2733634848485,9.0,7-10 yrs
878,Ei Nerd,13200000,3568392223.0,Entertainment,Einerd,0,,,Games,4057944.0,,7399.0,,0.0,0.0,0.0,0.0,,2007.0,Nov,19.0,,,,,,,0.0,0.0,270.33274416666666,19.0,15+ yrs
879,Sonotek Bhakti,13200000,3789736218.0,Entertainment,Sonotek Bhakti,8019,India,IN,Music,2063.0,118.0,142.0,25321000.0,6300.0,101300.0,76000.0,1200000.0,,2010.0,Dec,27.0,28.1,1366417754.0,5.36,471031528.0,20.593684,78.96288,638000.0,0.04833333333333333,287.10122863636366,16.0,15+ yrs
880,Vilmei,13200000,4205664894.0,,Vilmei,1324,Indonesia,ID,People,1786.0,30.0,55.0,264308000.0,66100.0,1100000.0,792900.0,12700000.0,800000.0,2013.0,Sep,25.0,36.3,270203917.0,4.69,151509724.0,-0.789275,113.921327,6746450.0,0.511094696969697,318.6109768181818,13.0,11-15 yrs
881,MC Divertida,13200000,5224764969.0,Entertainment,MC Divertida,413,Brazil,BR,Entertainment,1269.0,49.0,164.0,64517000.0,16100.0,258100.0,193600.0,3100000.0,100000.0,2018.0,Jan,17.0,51.3,212559417.0,12.08,183241641.0,-14.235004,-51.92528,1646800.0,0.12475757575757576,395.8155279545455,8.0,7-10 yrs
882,The Infographics Show,13200000,5263540904.0,Education,The Infographics Show,4279,United States,US,Education,1252.0,168.0,42.0,51820000.0,13000.0,207300.0,155500.0,2500000.0,100000.0,2011.0,Feb,26.0,88.2,328239523.0,14.7,270663028.0,37.09024,-95.712891,1327750.0,0.10058712121212121,398.7530987878788,15.0,11-15 yrs
883,jbalvinVEVO,13200000,20743586601.0,Music,jbalvinVEVO,237,Colombia,CO,Music,113.0,10.0,142.0,86270000.0,21600.0,345100.0,258800.0,4100000.0,,2010.0,Sep,30.0,55.3,50339443.0,9.71,40827302.0,4.570868,-74.297333,2179400.0,0.16510606060606062,1571.483833409091,16.0,15+ yrs
884,ýýýýýýTwinsFromRussia,13200000,9378175604.0,People & Blogs,ýýýýýýTwinsFromRussia,6888,United States,US,People,503.0,168.0,55.0,119389000.0,29800.0,477600.0,358200.0,5700000.0,300000.0,2011.0,May,16.0,88.2,328239523.0,14.7,270663028.0,37.09024,-95.712891,3029100.0,0.22947727272727272,710.4678487878788,15.0,11-15 yrs
885,Technology Gyan,13200000,1138262456.0,Science & Technology,Technology Gyan,1022,India,IN,Tech,9955.0,118.0,17.0,18518000.0,4600.0,74100.0,55600.0,888900.0,100000.0,2015.0,Nov,17.0,28.1,1366417754.0,5.36,471031528.0,20.593684,78.96288,472250.0,0.03577651515151515,86.23200424242424,11.0,11-15 yrs
886,CookingShooking Hindi,13200000,1758603195.0,People & Blogs,CookingShooking Hindi,393,India,IN,Howto,5855.0,118.0,33.0,11490000.0,2900.0,46000.0,34500.0,551500.0,,2017.0,Apr,4.0,28.1,1366417754.0,5.36,471031528.0,20.593684,78.96288,293000.0,0.022196969696969698,133.22751477272726,9.0,7-10 yrs
887,Ryan Trahan,13100000,2182651464.0,Entertainment,Ryan Trahan,33,United States,US,People,4051001.0,7683.0,7670.0,248.0,0.06,0.99,0.74,12.0,1.0,2022.0,Jun,27.0,88.2,328239523.0,14.7,270663028.0,37.09024,-95.712891,6.37,4.862595419847329e-07,166.61461557251909,4.0,4-6 yrs
888,Alex Gonzaga Official,13100000,1401914513.0,People & Blogs,Alex Gonzaga Official,287,Philippines,PH,People,7733.0,11.0,56.0,10848000.0,2700.0,43400.0,32500.0,520700.0,,2017.0,Jul,18.0,35.5,108116615.0,2.15,50975903.0,12.879721,121.774017,276600.0,0.021114503816793893,107.01637503816794,9.0,7-10 yrs
889,WiederDude,13100000,2733682792.0,,WiederDude,289,United States,US,Games,3275.0,169.0,65.0,56894000.0,14200.0,227600.0,170700.0,2700000.0,100000.0,2016.0,Jun,12.0,88.2,328239523.0,14.7,270663028.0,37.09024,-95.712891,1435350.0,0.10956870229007634,208.67807572519084,10.0,7-10 yrs
890,Ian Boggs,13100000,9110348202.0,Entertainment,Ian Boggs,1327,,,Entertainment,520.0,,163.0,329312000.0,82300.0,1300000.0,987900.0,15800000.0,700000.0,2010.0,Mar,25.0,,,,,,,8393950.0,0.6407595419847328,695.4464276335877,16.0,15+ yrs
891,Lokdhun Punjabi,13100000,4712624489.0,Music,Lokdhun Punjabi,1262,India,IN,Music,1484.0,119.0,143.0,34438000.0,8600.0,137800.0,103300.0,1700000.0,100000.0,2010.0,Dec,27.0,28.1,1366417754.0,5.36,471031528.0,20.593684,78.96288,901650.0,0.06882824427480916,359.7423274045802,16.0,15+ yrs
892,Knowledge Tv ï¿½ï¿½ï¿½ï¿½ï¿½ï¿½,13100000,1936582704.0,People & Blogs,Knowledge Tv ï¿½ï¿½ï¿½ï¿½ï¿½ï¿½,7,,,People,4054334.0,,7714.0,2.0,0.0,0.01,0.01,0.1,,2019.0,Nov,24.0,,,,,,,0.055,4.198473282442748e-09,147.8307407633588,7.0,7-10 yrs
893,Painzeiro,13100000,2555801802.0,People & Blogs,Painzeiro,1077,Brazil,BR,People,3545.0,50.0,56.0,43990000.0,11000.0,176000.0,132000.0,2100000.0,100000.0,2015.0,Nov,6.0,51.3,212559417.0,12.08,183241641.0,-14.235004,-51.92528,1116000.0,0.08519083969465649,195.09937419847327,11.0,11-15 yrs
894,Peppa Pig em Portuguï¿½ï¿½ï¿½ï¿½ï¿½ï¿½ï¿½ï¿½ï¿,13100000,4214172991.0,Film & Animation,Peppa Pig em Portuguï¿½ï¿½ï¿½ï¿½ï¿½ï¿½ï¿½ï¿½ï¿½,1365,Brazil,BR,Film,1770.0,49.0,43.0,27340000.0,6800.0,109400.0,82000.0,1300000.0,100000.0,2014.0,May,6.0,51.3,212559417.0,12.08,183241641.0,-14.235004,-51.92528,691000.0,0.05274809160305344,321.69259473282443,12.0,11-15 yrs
895,ýýýýýýýýýýýýýýý Ms Yeah,13100000,4399833602.0,People & Blogs,ýýýýýýýýýýýýýýý Ms Yeah,435,United States,US,Howto,1650.0,169.0,34.0,60661000.0,15200.0,242600.0,182000.0,2900000.0,100000.0,2017.0,Feb,15.0,88.2,328239523.0,14.7,270663028.0,37.09024,-95.712891,1541000.0,0.11763358778625954,335.8651604580153,9.0,7-10 yrs
896,Hungria Hip Hop,13100000,4608751851.0,Music,Hungria Hip Hop,73,Brazil,BR,Music,1541.0,50.0,143.0,48223000.0,12100.0,192900.0,144700.0,2300000.0,,2013.0,Apr,13.0,51.3,212559417.0,12.08,183241641.0,-14.235004,-51.92528,1222350.0,0.09330916030534352,351.81311839694655,13.0,11-15 yrs
897,RaptorGamer,13100000,2879263916.0,People & Blogs,RaptorGamer,1444,Ecuador,EC,Games,3044.0,2.0,65.0,62909000.0,15700.0,251600.0,188700.0,3000000.0,300000.0,2016.0,Jul,16.0,44.9,17373662.0,3.97,11116711.0,-1.831239,-78.183406,1594350.0,0.12170610687022901,219.7911386259542,10.0,7-10 yrs
898,RedeTV,13100000,5333569294.0,Entertainment,RedeTV,36760,Brazil,BR,Entertainment,1240.0,50.0,165.0,17588000.0,4400.0,70400.0,52800.0,844200.0,,2011.0,Oct,18.0,51.3,212559417.0,12.08,183241641.0,-14.235004,-51.92528,448500.0,0.03423664122137405,407.1426941984733,15.0,11-15 yrs
899,twenty one pilots,13100000,5264039679.0,Music,twenty one pilots,194,United States,US,Music,1255.0,169.0,143.0,50922000.0,12700.0,203700.0,152800.0,2400000.0,,2009.0,Sep,5.0,88.2,328239523.0,14.7,270663028.0,37.09024,-95.712891,1276400.0,0.0974351145038168,401.83509,17.0,15+ yrs
900,DJ Khaled,13100000,6637820731.0,Music,DjKhaled,12,Samoa,WS,Music,3967392.0,81.0,5659.0,379.0,0.09,2.0,1.0,18.0,3.0,2006.0,May,27.0,7.6,202506.0,8.36,35588.0,-13.759029,-172.104629,9.5,7.251908396946565e-07,506.70387259541985,20.0,15+ yrs
901,Davie504,13000000,2683297849.0,Entertainment,Davie504,838,Italy,IT,Entertainment,3340.0,2.0,166.0,29870000.0,7500.0,119500.0,89600.0,1400000.0,100000.0,2011.0,May,18.0,61.9,60297396.0,9.89,42651966.0,41.87194,12.56738,744800.0,0.05729230769230769,206.40752684615384,15.0,11-15 yrs
902,Everson Zoio,13000000,1024467771.0,Comedy,Everson Zoio,625,Brazil,BR,Entertainment,11340.0,51.0,166.0,3052000.0,763.0,12200.0,9200.0,146500.0,,2009.0,Mar,26.0,51.3,212559417.0,12.08,183241641.0,-14.235004,-51.92528,77850.0,0.005988461538461539,78.80521315384615,17.0,15+ yrs
903,Calon Sarjana,13000000,10664585.0,Entertainment,Calon Sarjana,29,Indonesia,ID,Entertainment,772571.0,31.0,166.0,2292000000.0,0.0,0.0,0.0,0.0,300000.0,2016.0,Jan,20.0,36.3,270203917.0,4.69,151509724.0,-0.789275,113.921327,0.0,0.0,0.8203526923076923,10.0,7-10 yrs
904,Lofi Girl,13000000,1698279553.0,Music,Lofi Girl,409,France,FR,Music,6059.0,3.0,143.0,30471000.0,7600.0,121900.0,91400.0,1500000.0,100000.0,2015.0,Mar,18.0,65.6,67059887.0,8.43,54123364.0,46.227638,2.213749,795700.0,0.06120769230769231,130.63688869230768,11.0,11-15 yrs
905,Jomy Production,13000000,5057163256.0,Entertainment,SRK Edie soon,8,India,IN,,3686280.0,5227.0,,2.0,0.0,0.01,0.01,0.1,,2021.0,Mar,18.0,28.1,1366417754.0,5.36,471031528.0,20.593684,78.96288,0.055,4.230769230769231e-09,389.01255815384616,5.0,4-6 yrs
906,GH'S,13000000,8739174649.0,Gaming,GH'S,510,South Korea,KR,Games,553.0,15.0,65.0,1081000000.0,270300.0,4300000.0,3200000.0,51900000.0,1000000.0,2020.0,Jul,7.0,94.3,51709098.0,4.15,42106719.0,35.907757,127.766922,27550000.0,2.1192307692307693,672.2442037692308,6.0,4-6 yrs
907,JesseAndMike,13000000,9999238237.0,Entertainment,JesseAndMike,716,United States,US,Entertainment,440.0,170.0,166.0,41109000.0,10300.0,164400.0,123300.0,2000000.0,,2007.0,Apr,29.0,88.2,328239523.0,14.7,270663028.0,37.09024,-95.712891,1061650.0,0.08166538461538461,769.1721720769231,19.0,15+ yrs
908,Wolfoo Channel,13000000,301547793.0,,Wolfoo Channel,22,Pakistan,PK,People,4035874.0,3926.0,7638.0,590.0,0.15,2.0,2.0,28.0,8.0,2021.0,Aug,11.0,9.0,216565318.0,4.45,79927762.0,30.375321,69.345116,15.0,1.1538461538461538e-06,23.195984076923075,5.0,4-6 yrs
909,Susy Mouriz,13000000,6270909026.0,Entertainment,Susy Mouriz,1299,Mexico,MX,Entertainment,969.0,31.0,165.0,368437000.0,92100.0,1500000.0,1100000.0,17700000.0,600000.0,2017.0,Mar,18.0,40.2,126014024.0,3.42,102626859.0,23.634501,-102.552784,9400000.0,0.7230769230769231,482.3776173846154,9.0,7-10 yrs
910,7 Minutoz,13000000,4349562794.0,Music,7 Minutoz,521,Brazil,BR,Music,1692.0,51.0,144.0,29526000.0,7400.0,118100.0,88600.0,1400000.0,,2012.0,Jun,4.0,51.3,212559417.0,12.08,183241641.0,-14.235004,-51.92528,744300.0,0.057253846153846155,334.5817533846154,14.0,11-15 yrs
911,The LaBrant Fam,13000000,4637474071.0,Comedy,The LaBrant Fam,612,United States,US,People,1557.0,170.0,57.0,42412000.0,0.0,0.0,0.0,0.0,,2012.0,Aug,24.0,88.2,328239523.0,14.7,270663028.0,37.09024,-95.712891,0.0,0.0,356.7287746923077,14.0,11-15 yrs
912,Pastor Antï¿½ï¿½ï¿½ï¿½ï,12900000,2112274210.0,People & Blogs,Pastor Antï¿½ï¿½ï¿½ï¿½ï,4712,Brazil,BR,People,4602.0,52.0,58.0,31796000.0,7900.0,127200.0,95400.0,1500000.0,100000.0,2013.0,Jan,19.0,51.3,212559417.0,12.08,183241641.0,-14.235004,-51.92528,797700.0,0.06183720930232558,163.74218682170542,13.0,11-15 yrs
913,Matheus Yurley,12900000,140022442.0,Entertainment,Matheus Yurley,69,Brazil,BR,Entertainment,93531.0,52.0,167.0,147626.0,37.0,591.0,443.0,7100.0,,2015.0,Jan,27.0,51.3,212559417.0,12.08,183241641.0,-14.235004,-51.92528,3771.5,0.00029236434108527134,10.854452868217054,11.0,11-15 yrs
914,gymvirtual,12900000,2509752944.0,Sports,gymvirtual,1572,Spain,ES,Sports,3645.0,17.0,12.0,11993000.0,3000.0,48000.0,36000.0,575700.0,100000.0,2010.0,Nov,1.0,88.9,47076781.0,13.96,37927409.0,40.463667,-3.74922,305850.0,0.023709302325581397,194.55449178294575,16.0,15+ yrs
915,BIBOï¿½ï¿½ï¿½ï¿½ï,12900000,3178222797.0,Entertainment,BIBOï¿½ï¿½ï¿½ï¿½ï,193,South Korea,KR,Entertainment,2649.0,16.0,167.0,4001000.0,1000.0,16000.0,12000.0,192100.0,,2016.0,Aug,8.0,94.3,51709098.0,4.15,42106719.0,35.907757,127.766922,102050.0,0.007910852713178295,246.37386023255814,10.0,7-10 yrs
916,Top Viral Talent,12900000,3643698504.0,Entertainment,Top Viral Talent,1598,United States,US,Entertainment,2177.0,171.0,167.0,29379000.0,7300.0,117500.0,88100.0,1400000.0,100000.0,2014.0,Jan,2.0,88.2,328239523.0,14.7,270663028.0,37.09024,-95.712891,744050.0,0.05767829457364341,282.45724837209303,12.0,11-15 yrs
917,Akon,12900000,6300933122.0,Music,Akon,39,United States,US,Music,976.0,171.0,145.0,91240000.0,22800.0,365000.0,273700.0,4400000.0,100000.0,2005.0,Nov,5.0,88.2,328239523.0,14.7,270663028.0,37.09024,-95.712891,2336850.0,0.18115116279069768,488.4444280620155,21.0,15+ yrs
918,AlArabiya ï¿½ï¿½ï¿½ï¿½ï¿,12900000,7520379951.0,People & Blogs,AlArabiya ï¿½ï¿½ï¿½ï¿½ï¿,169304,United Arab Emirates,AE,News,737.0,8.0,23.0,80219000.0,20100.0,320900.0,240700.0,3900000.0,100000.0,2006.0,Sep,19.0,36.8,9770529.0,2.35,8479744.0,23.424076,53.847818,2070350.0,0.1604922480620155,582.97519,20.0,15+ yrs
919,Rauw Alejandro,12900000,11504090820.0,Music,Rauw Alejandro,168,,,Music,348.0,5.0,145.0,205548000.0,51400.0,822200.0,616600.0,9900000.0,100000.0,2014.0,Dec,11.0,,,,,,,5258300.0,0.4076201550387597,891.7899860465117,12.0,11-15 yrs
920,EnriqueIglesiasVEVO,12900000,15446707595.0,Music,EnriqueIglesiasVEVO,137,United States,US,Music,210.0,171.0,145.0,75773000.0,18900.0,303100.0,227300.0,3600000.0,100000.0,2009.0,May,12.0,88.2,328239523.0,14.7,270663028.0,37.09024,-95.712891,1913650.0,0.14834496124031007,1197.4191934108528,17.0,15+ yrs
921,ýýýýýýýý ýýýý ýýýýýýýýýýýýýý,12900000,5585085130.0,Shows,ýýýýýýýý ýýýý ýýýýýýýýýýýýýý,1255,Ukraine,UA,Entertainment,1164.0,6.0,166.0,71118000.0,17800.0,284500.0,213400.0,3400000.0,200000.0,2014.0,Jul,17.0,82.7,44385155.0,8.88,30835699.0,48.379433,31.16558,1806700.0,0.14005426356589148,432.9523356589147,12.0,11-15 yrs
922,The Shiny Peanut,12900000,2848466522.0,Education,The Shiny Peanut,2337,Indonesia,ID,Entertainment,3109.0,32.0,167.0,837700.0,209.0,3400.0,2500.0,40200.0,,2016.0,Oct,26.0,36.3,270203917.0,4.69,151509724.0,-0.789275,113.921327,21350.0,0.0016550387596899225,220.81135829457364,10.0,7-10 yrs
923,Talking Angela,12800000,3632438963.0,Entertainment,Talking Angela,233,United Kingdom,GB,Film,2184.0,31.0,45.0,27957000.0,7000.0,111800.0,83900.0,1300000.0,,2014.0,Sep,2.0,60.0,66834405.0,3.85,55908316.0,55.378051,-3.435973,691950.0,0.05405859375,283.784293984375,12.0,11-15 yrs
924,Melon City Show - ï¿½ï¿½ï¿½ï¿½ï¿½ï¿½ï¿½ï¿½ï¿½ï¿½ï¿,12800000,5863456698.0,Comedy,Melon City Show - ï¿½ï¿½ï¿½ï¿½ï¿½ï¿½ï¿½ï¿½ï¿½ï¿,1727,Iraq,IQ,Comedy,1087.0,2.0,40.0,35336000.0,8800.0,141300.0,106000.0,1700000.0,,2016.0,Jan,30.0,16.2,39309783.0,12.82,27783368.0,33.223191,43.679291,903000.0,0.070546875,458.08255453125,10.0,7-10 yrs
925,Duo Tiempo De Sol,12800000,6662288136.0,Music,Duo Tiempo De Sol,323,Spain,ES,Education,896.0,17.0,44.0,53988000.0,13500.0,216000.0,162000.0,2600000.0,100000.0,2013.0,Mar,26.0,88.9,47076781.0,13.96,37927409.0,40.463667,-3.74922,1381000.0,0.107890625,520.491260625,13.0,11-15 yrs
926,Troom Troom India,12800000,6804072897.0,Howto & Style,Troom Troom India,2385,,,Howto,873.0,,35.0,17270000.0,4300.0,69100.0,51800.0,829000.0,,2015.0,Apr,19.0,,,,,,,440400.0,0.03440625,531.568195078125,11.0,11-15 yrs
927,MrSuicideSheep,12800000,6970899521.0,Entertainment,MrSuicideSheep,3483,Canada,CA,Entertainment,842.0,13.0,168.0,18118000.0,4500.0,72500.0,54400.0,869600.0,,2010.0,Apr,9.0,68.9,36991981.0,5.56,30628482.0,56.130366,-106.346771,462000.0,0.03609375,544.601525078125,16.0,15+ yrs
928,Adam W,12800000,9502983550.0,Comedy,Adam W,681,United States,US,Comedy,492.0,171.0,39.0,228951000.0,57200.0,915800.0,686900.0,11000000.0,200000.0,2015.0,Oct,4.0,88.2,328239523.0,14.7,270663028.0,37.09024,-95.712891,5843450.0,0.45651953125,742.42058984375,11.0,11-15 yrs
929,Right to Shiksha,12800000,7876740921.0,Education,Right to Shiksha,2044,India,IN,Education,670.0,120.0,45.0,213738000.0,53400.0,855000.0,641200.0,10300000.0,300000.0,2020.0,Apr,23.0,28.1,1366417754.0,5.36,471031528.0,20.593684,78.96288,5470600.0,0.427390625,615.370384453125,6.0,4-6 yrs
930,Beyoncï¿½ï¿½,12800000,14185611472.0,Music,Beyoncï¿½ï¿½,168,United States,US,Music,250.0,172.0,146.0,89566000.0,22400.0,358300.0,268700.0,4300000.0,,2009.0,Sep,2.0,88.2,328239523.0,14.7,270663028.0,37.09024,-95.712891,2284350.0,0.17846484375,1108.25089625,17.0,15+ yrs
931,FACT FIRE KING,12700000,1159290255.0,,FACT FIRE KING,782,India,IN,Games,9683.0,120.0,66.0,51291000.0,12800.0,205200.0,153900.0,2500000.0,500000.0,2020.0,Jul,29.0,28.1,1366417754.0,5.36,471031528.0,20.593684,78.96288,1326950.0,0.10448425196850394,91.28269724409449,6.0,4-6 yrs
932,Ian Lucas,12700000,1450874545.0,Entertainment,Ian Lucas,50,,,Entertainment,4052208.0,,6682.0,48.0,0.0,0.0,0.0,0.0,8.0,2016.0,Apr,16.0,,,,,,,0.0,0.0,114.24209015748032,10.0,7-10 yrs
933,Franco Escamilla,12700000,4266957149.0,Comedy,Franco Escamilla,2483,Mexico,MX,Comedy,1740.0,32.0,41.0,77482000.0,19400.0,309900.0,232400.0,3700000.0,100000.0,2007.0,Oct,19.0,40.2,126014024.0,3.42,102626859.0,23.634501,-102.552784,1966200.0,0.15481889763779527,335.98087787401573,19.0,15+ yrs
934,Adexe & Nau,12700000,4579773883.0,Music,Adexe & Nau,594,Spain,ES,Music,1563.0,18.0,147.0,10083000.0,2500.0,40300.0,30200.0,484000.0,,2013.0,Dec,22.0,88.9,47076781.0,13.96,37927409.0,40.463667,-3.74922,257100.0,0.020244094488188976,360.6121167716535,13.0,11-15 yrs
935,Diana and Roma IND,12700000,5567832210.0,,Diana and Roma IND,534,United States,US,Entertainment,1173.0,173.0,169.0,46602000.0,11700.0,186400.0,139800.0,2200000.0,100000.0,2019.0,Nov,7.0,88.2,328239523.0,14.7,270663028.0,37.09024,-95.712891,1169900.0,0.09211811023622048,438.41198503937005,7.0,7-10 yrs
936,Jass Records,12700000,5958994201.0,Music,JassRecords,1,,,Music,4056853.0,,5789.0,1.0,0.0,0.0,0.0,0.05,,2012.0,Feb,10.0,,,,,,,0.025,1.968503937007874e-09,469.2121418110236,14.0,11-15 yrs
937,Future,12700000,9927699419.0,Music,Future AMV's,119,United States,US,Film,270216.0,1944.0,1473.0,472367.0,118.0,1900.0,1400.0,22700.0,1000.0,2020.0,Nov,7.0,88.2,328239523.0,14.7,270663028.0,37.09024,-95.712891,12050.0,0.0009488188976377953,781.7086156692914,6.0,4-6 yrs
938,YoungBoy Never Broke Again,12700000,13174393401.0,Entertainment,YoungBoy Never Broke Again,142,United States,US,Music,279.0,173.0,147.0,169968000.0,42500.0,679900.0,509900.0,8200000.0,100000.0,2015.0,Jan,4.0,88.2,328239523.0,14.7,270663028.0,37.09024,-95.712891,4354950.0,0.3429094488188976,1037.3538111023622,11.0,11-15 yrs
939,Blossom,12700000,4733873025.0,Howto & Style,Blossom,812,United States,US,Howto,1472.0,173.0,36.0,43868000.0,11000.0,175500.0,131600.0,2100000.0,100000.0,2017.0,Jun,1.0,88.2,328239523.0,14.7,270663028.0,37.09024,-95.712891,1115800.0,0.08785826771653543,372.74590748031494,9.0,7-10 yrs
940,#Refï¿½ï¿½ï¿½ï¿½,12700000,2709954270.0,Entertainment,#Refugio Mental,846,,,Entertainment,2218.0,,155.0,6942000.0,1700.0,27800.0,20800.0,333200.0,,2013.0,Aug,10.0,,,,,,,177000.0,0.013937007874015748,213.38222598425196,13.0,11-15 yrs
941,Piuzinho,12700000,1081285962.0,Gaming,Piuzinho,504,Brazil,BR,Games,10642.0,53.0,67.0,3619000.0,905.0,14500.0,10900.0,173700.0,,2015.0,May,13.0,51.3,212559417.0,12.08,183241641.0,-14.235004,-51.92528,92300.0,0.007267716535433071,85.14062692913386,11.0,11-15 yrs
942,Heidi y Zidane,12700000,6001189018.0,,Heidi y Zidane,600,United States,US,People,1052.0,173.0,60.0,16117000.0,4000.0,64500.0,48400.0,773600.0,,2019.0,Dec,2.0,88.2,328239523.0,14.7,270663028.0,37.09024,-95.712891,411000.0,0.03236220472440945,472.5345683464567,7.0,7-10 yrs
943,Go Ami Go!,12700000,1714955279.0,People & Blogs,Go Ami Go!,252,Colombia,CO,People,5821.0,11.0,57.0,327600000.0,81900.0,1300000.0,982800.0,15700000.0,1500000.0,2015.0,Dec,3.0,55.3,50339443.0,9.71,40827302.0,4.570868,-74.297333,8341400.0,0.6568031496062993,135.0358487401575,11.0,11-15 yrs
944,Morgz,12600000,3303595310.0,Gaming,Morgz,825,United Kingdom,GB,Entertainment,2491.0,32.0,170.0,58838000.0,14700.0,235400.0,176500.0,2800000.0,100000.0,2014.0,Jun,10.0,60.0,66834405.0,3.85,55908316.0,55.378051,-3.435973,1488250.0,0.11811507936507937,262.190103968254,12.0,11-15 yrs
945,CaseyNeistat,12600000,3152402405.0,People & Blogs,CaseyNeistat,1101,United States,US,People,2681.0,174.0,61.0,5952000.0,1500.0,23800.0,17900.0,285700.0,100000.0,2010.0,Feb,15.0,88.2,328239523.0,14.7,270663028.0,37.09024,-95.712891,151800.0,0.012047619047619048,250.19066706349207,16.0,15+ yrs
946,ýýýýýýýýýSULGI,12600000,3485373675.0,People & Blogs,ýýýýýýýýýSULGI,683,South Korea,KR,People,2313.0,17.0,61.0,113132000.0,28300.0,452500.0,339400.0,5400000.0,300000.0,2012.0,Nov,5.0,94.3,51709098.0,4.15,42106719.0,35.907757,127.766922,2869700.0,0.22775396825396826,276.61695833333334,14.0,11-15 yrs
947,NickiMinajAtVEVO,12600000,8831179714.0,Music,NickiMinajAtVEVO,99,United States,US,Music,557.0,174.0,148.0,35027000.0,8800.0,140100.0,105100.0,1700000.0,,2010.0,Apr,1.0,88.2,328239523.0,14.7,270663028.0,37.09024,-95.712891,902550.0,0.07163095238095238,700.8872788888889,16.0,15+ yrs
948,Ellie Goulding,12600000,6969178081.0,Music,Ellie Goulding,218,United Kingdom,GB,Music,841.0,32.0,148.0,36681000.0,9200.0,146700.0,110000.0,1800000.0,,2007.0,Jan,29.0,60.0,66834405.0,3.85,55908316.0,55.378051,-3.435973,955000.0,0.07579365079365079,553.1093715079365,19.0,15+ yrs
949,colinfurze,12500000,1612094871.0,Entertainment,colinfurze,385,United Kingdom,GB,Entertainment,6487.0,33.0,171.0,8482000.0,2100.0,33900.0,25400.0,407200.0,,2006.0,Nov,15.0,60.0,66834405.0,3.85,55908316.0,55.378051,-3.435973,216300.0,0.017304,128.96758968,20.0,15+ yrs
950,People Vs Food,12500000,1136534702.0,Entertainment,People Vs Food,601,United States,US,Entertainment,9980.0,175.0,171.0,15340000.0,3800.0,61400.0,46000.0,736300.0,,2013.0,Jul,30.0,88.2,328239523.0,14.7,270663028.0,37.09024,-95.712891,391150.0,0.031292,90.92277616,13.0,11-15 yrs
951,Wolfoo Family,12500000,161254021.0,,Wolfoo Family,61,United States,US,Film,81750.0,175.0,46.0,757789000.0,0.0,0.0,0.0,0.0,,2019.0,Oct,21.0,88.2,328239523.0,14.7,270663028.0,37.09024,-95.712891,0.0,0.0,12.90032168,7.0,7-10 yrs
952,Ja Mill,12500000,1302818088.0,People & Blogs,jamill,0,,,,4048879.0,,,,0.0,0.0,0.0,0.0,,2006.0,Feb,22.0,,,,,,,0.0,0.0,104.22544704,20.0,15+ yrs
953,Health Time,12500000,1002219689.0,Howto & Style,Health Time,1810,India,IN,People,11667.0,123.0,62.0,1395000.0,349.0,5600.0,4200.0,66900.0,,2016.0,Sep,25.0,28.1,1366417754.0,5.36,471031528.0,20.593684,78.96288,35550.0,0.002844,80.17757512,10.0,7-10 yrs
954,Yair17,12500000,1402042328.0,Gaming,Yair17,1109,Mexico,MX,Games,7741.0,33.0,68.0,8869000.0,2200.0,35500.0,26600.0,425700.0,,2014.0,Jan,22.0,40.2,126014024.0,3.42,102626859.0,23.634501,-102.552784,226150.0,0.018092,112.16338624,12.0,11-15 yrs
955,Little Baby Bum en Espaï¿½ï,12500000,6956320454.0,Education,Little Baby Bum en Espaï¿½ï,1459,Spain,ES,Education,843.0,19.0,46.0,16319000.0,4100.0,65300.0,49000.0,783300.0,,2014.0,Jun,6.0,88.9,47076781.0,13.96,37927409.0,40.463667,-3.74922,416150.0,0.033292,556.50563632,12.0,11-15 yrs
956,First We Feast,12500000,2983799729.0,Howto & Style,First We Feast,1076,United States,US,Entertainment,2892.0,175.0,171.0,111252000.0,27800.0,445000.0,333800.0,5300000.0,200000.0,2014.0,Feb,28.0,88.2,328239523.0,14.7,270663028.0,37.09024,-95.712891,2816900.0,0.225352,238.70397832,12.0,11-15 yrs
957,Mï¿½ï¿½ï¿½ï¿½,12500000,3140883140.0,Travel & Events,Mï¿½ï¿½ï¿½ï¿½,766,Mexico,MX,Entertainment,2691.0,33.0,171.0,31007000.0,7800.0,124000.0,93000.0,1500000.0,,2015.0,Jul,6.0,40.2,126014024.0,3.42,102626859.0,23.634501,-102.552784,796500.0,0.06372,251.2706512,11.0,11-15 yrs
958,Bebefinn - Nursery Rhymes & Kids Songs,12500000,4163639093.0,,Bebefinn - Nursery Rhymes & Kids Songs,322,United States,US,Entertainment,1794.0,175.0,171.0,565459000.0,0.0,0.0,0.0,0.0,500000.0,2022.0,Mar,30.0,88.2,328239523.0,14.7,270663028.0,37.09024,-95.712891,0.0,0.0,333.09112744,4.0,4-6 yrs
959,Troom Troom PT,12500000,4384177908.0,Howto & Style,Troom Troom PT,2738,,,Howto,1667.0,,37.0,13501000.0,3400.0,54000.0,40500.0,648100.0,,2015.0,Apr,19.0,,,,,,,344300.0,0.027544,350.73423264,11.0,11-15 yrs
960,Parafernalha,12500000,4625777945.0,Entertainment,Parafernalha,1888,Brazil,BR,Entertainment,1532.0,54.0,171.0,7158000.0,1800.0,28600.0,21500.0,343600.0,,2011.0,May,13.0,51.3,212559417.0,12.08,183241641.0,-14.235004,-51.92528,182550.0,0.014604,370.0622356,15.0,11-15 yrs
961,NDTV,12500000,4935793409.0,Entertainment,NDTV,151136,India,IN,News,1395.0,123.0,24.0,58527000.0,14600.0,234100.0,175600.0,2800000.0,100000.0,2006.0,May,8.0,28.1,1366417754.0,5.36,471031528.0,20.593684,78.96288,1487800.0,0.119024,394.86347272,20.0,15+ yrs
962,elcarteldesantatv,12500000,7489455451.0,Music,elcarteldesantatv,377,Mexico,MX,Entertainment,743.0,33.0,171.0,115881000.0,29000.0,463500.0,347600.0,5600000.0,100000.0,2008.0,Nov,27.0,40.2,126014024.0,3.42,102626859.0,23.634501,-102.552784,2973800.0,0.237904,599.15643608,18.0,15+ yrs
963,Family Fitness,12500000,10384848759.0,Entertainment,Family Fitness,1699,India,IN,Entertainment,413.0,123.0,171.0,235715000.0,58900.0,942900.0,707100.0,11300000.0,400000.0,2017.0,Jan,18.0,28.1,1366417754.0,5.36,471031528.0,20.593684,78.96288,6003550.0,0.480284,830.78790072,9.0,7-10 yrs
964,Zee Tamil,12500000,11552190002.0,Entertainment,Zee Tamil,102699,India,IN,Entertainment,342.0,123.0,171.0,349940000.0,87500.0,1400000.0,1000000.0,16800000.0,200000.0,2008.0,Aug,26.0,28.1,1366417754.0,5.36,471031528.0,20.593684,78.96288,8900000.0,0.712,924.17520016,18.0,15+ yrs
965,Flowers Comedy,12500000,11691081301.0,Entertainment,Flowers Comedy,11907,India,IN,Entertainment,337.0,122.0,170.0,180021000.0,45000.0,720100.0,540100.0,8600000.0,100000.0,2015.0,Aug,19.0,28.1,1366417754.0,5.36,471031528.0,20.593684,78.96288,4570050.0,0.365604,935.28650408,11.0,11-15 yrs
966,Mundo Bita,12500000,16690788752.0,Music,Mundo Bita,253,Brazil,BR,Music,171.0,54.0,149.0,213700000.0,53400.0,854800.0,641100.0,10300000.0,100000.0,2011.0,Sep,29.0,51.3,212559417.0,12.08,183241641.0,-14.235004,-51.92528,5470550.0,0.437644,1335.26310016,15.0,11-15 yrs
967,Wave Music Bhakti,12500000,5146004207.0,Music,Wave Music Bhakti,19899,India,IN,Music,1299.0,123.0,149.0,11079000.0,2800.0,44300.0,33200.0,531800.0,,2011.0,Apr,19.0,28.1,1366417754.0,5.36,471031528.0,20.593684,78.96288,282500.0,0.0226,411.68033656,15.0,11-15 yrs
968,Troom Troom Indonesia,12500000,5379684248.0,People & Blogs,TROOM TROOM INDONESIA,8,,,People,4057418.0,,7712.0,1.0,0.0,0.0,0.0,0.05,,2020.0,Jul,29.0,,,,,,,0.025,2e-09,430.37473984,6.0,4-6 yrs
969,CKM,12500000,4465772496.0,Comedy,CKM,117,India,IN,Comedy,1621.0,123.0,42.0,13142000.0,3300.0,52600.0,39400.0,630800.0,,2018.0,Feb,20.0,28.1,1366417754.0,5.36,471031528.0,20.593684,78.96288,335100.0,0.026808,357.26179968,8.0,7-10 yrs
970,Quantum Tech HD,12500000,4340213066.0,Science & Technology,Mr_Mughall Gaming,223,Pakistan,PK,,3956586.0,3554.0,,8721.0,2.0,35.0,26.0,419.0,32.0,2022.0,Apr,23.0,9.0,216565318.0,4.45,79927762.0,30.375321,69.345116,222.5,1.78e-05,347.21704528,4.0,4-6 yrs
971,_vector_,12400000,7597013023.0,Comedy,_vector_,398,United States,US,Comedy,720.0,176.0,43.0,903672000.0,225900.0,3600000.0,2700000.0,43400000.0,1200000.0,2019.0,Mar,24.0,88.2,328239523.0,14.7,270663028.0,37.09024,-95.712891,23050000.0,1.8588709677419355,612.6623405645162,7.0,7-10 yrs
972,DEV Ke Facts,12400000,1971226335.0,,DEV Ke Facts,218,India,IN,Education,5034.0,124.0,47.0,273670000.0,68400.0,1100000.0,821000.0,13100000.0,600000.0,2012.0,Sep,29.0,28.1,1366417754.0,5.36,471031528.0,20.593684,78.96288,6960500.0,0.5613306451612903,158.96986572580644,14.0,11-15 yrs
973,Hero Movies 2023,12400000,1689090619.0,People & Blogs,Hero Movies 2023,689,,,People,6116.0,,63.0,21837000.0,5500.0,87300.0,65500.0,1000000.0,,2017.0,Feb,22.0,,,,,,,532750.0,0.04296370967741935,136.2169854032258,9.0,7-10 yrs
974,LOUD,12400000,2394143260.0,Gaming,WatchLOUD,690,United States,US,Entertainment,186431.0,1795.0,1759.0,27596.0,7.0,110.0,83.0,1300.0,,2006.0,Jan,4.0,88.2,328239523.0,14.7,270663028.0,37.09024,-95.712891,691.5,5.5766129032258065e-05,193.07606935483872,20.0,15+ yrs
975,Gibby :),12400000,2862685032.0,People & Blogs,Gibby :),226,Mexico,MX,People,3087.0,34.0,63.0,10278000.0,2600.0,41100.0,30800.0,493300.0,,2014.0,Aug,30.0,40.2,126014024.0,3.42,102626859.0,23.634501,-102.552784,262050.0,0.021133064516129032,230.86169612903225,12.0,11-15 yrs
976,Gustavo Parï¿½ï¿½,12400000,2602614088.0,Comedy,GustavoParodias,9,Brazil,BR,Comedy,4050768.0,5075.0,4894.0,,0.0,0.0,0.0,0.0,,2010.0,Aug,24.0,51.3,212559417.0,12.08,183241641.0,-14.235004,-51.92528,0.0,0.0,209.8882329032258,16.0,15+ yrs
977,SAAIHALILINTAR,12400000,1113066203.0,Entertainment,SAAIHALILINTAR,409,Indonesia,ID,Entertainment,10271.0,34.0,172.0,806075.0,202.0,3200.0,2400.0,38700.0,,2012.0,Apr,28.0,36.3,270203917.0,4.69,151509724.0,-0.789275,113.921327,20550.0,0.001657258064516129,89.76340346774194,14.0,11-15 yrs
978,Timba Vk,12400000,2840137980.0,Gaming,Timba Vk,1024,Spain,ES,Games,3116.0,19.0,68.0,24022000.0,6000.0,96100.0,72100.0,1200000.0,100000.0,2012.0,Jun,16.0,88.9,47076781.0,13.96,37927409.0,40.463667,-3.74922,636050.0,0.05129435483870968,229.04338548387096,14.0,11-15 yrs
979,Heidi and Zidane HZHtube,12400000,4021409291.0,Entertainment,Heidi and Zidane HZHtube,813,Canada,CA,Entertainment,1900.0,14.0,172.0,9595000.0,2400.0,38400.0,28800.0,460600.0,,2015.0,Nov,24.0,68.9,36991981.0,5.56,30628482.0,56.130366,-106.346771,244700.0,0.019733870967741936,324.30720088709677,11.0,11-15 yrs
980,DaniRep | +6 Vï¿½ï¿½ï¿½ï¿½ï¿½ï¿½ï¿½ï¿½ï¿½ï¿½ï,12400000,6933660906.0,Gaming,DaniRep | +6 Vï¿½ï¿½ï¿½ï¿½ï¿½ï¿½ï¿½ï¿½ï¿½ï¿½ï,12419,Spain,ES,Games,847.0,19.0,68.0,82648000.0,20700.0,330600.0,247900.0,4000000.0,100000.0,2012.0,Oct,29.0,88.9,47076781.0,13.96,37927409.0,40.463667,-3.74922,2123950.0,0.17128629032258064,559.1662020967742,14.0,11-15 yrs
981,Zee Kids,12400000,7683670251.0,Film & Animation,Zee Kids,1212,India,IN,Entertainment,709.0,124.0,172.0,95163000.0,23800.0,380700.0,285500.0,4600000.0,100000.0,2012.0,Jul,6.0,28.1,1366417754.0,5.36,471031528.0,20.593684,78.96288,2442750.0,0.19699596774193548,619.6508266935484,14.0,11-15 yrs
982,Pari's Lifestyle,12400000,7741764747.0,People & Blogs,Pari's Lifestyle,459,India,IN,People,702.0,124.0,63.0,38165000.0,9500.0,152700.0,114500.0,1800000.0,,2018.0,Nov,26.0,28.1,1366417754.0,5.36,471031528.0,20.593684,78.96288,957250.0,0.07719758064516129,624.3358666935484,8.0,7-10 yrs
983,DisneyChannelUK,12400000,12607488647.0,Music,DisneyChannelUK,4422,United Kingdom,GB,Entertainment,306.0,34.0,172.0,34758000.0,8700.0,139000.0,104300.0,1700000.0,,2007.0,Dec,6.0,60.0,66834405.0,3.85,55908316.0,55.378051,-3.435973,902150.0,0.07275403225806451,1016.7329554032258,19.0,15+ yrs
984,MoniLina,12400000,16086808918.0,Comedy,MoniLinaFamily,0,United States,US,People,4057944.0,2774.0,2499.0,,0.0,0.0,0.0,0.0,100.0,2016.0,May,10.0,88.2,328239523.0,14.7,270663028.0,37.09024,-95.712891,0.0,0.0,1297.3232998387098,10.0,7-10 yrs
985,bharatzkitchen HINDI,12400000,2315226648.0,Howto & Style,bharatzkitchen HINDI,729,India,IN,Howto,4042.0,124.0,38.0,30968000.0,7700.0,123900.0,92900.0,1500000.0,100000.0,2016.0,Aug,10.0,28.1,1366417754.0,5.36,471031528.0,20.593684,78.96288,796450.0,0.06422983870967743,186.7118264516129,10.0,7-10 yrs
986,TKOR,12400000,3392022527.0,Education,TKoR,0,,,People,4057944.0,,7741.0,,0.0,0.0,0.0,0.0,,2006.0,Aug,16.0,,,,,,,0.0,0.0,273.5502037903226,20.0,15+ yrs
987,ANNA KOVA,12400000,13959586308.0,People & Blogs,annakova,1,,,Film,4049634.0,,5307.0,2.0,0.0,0.01,0.01,0.1,,2006.0,Jun,18.0,,,,,,,0.055,4.435483870967742e-09,1125.7730893548387,20.0,15+ yrs
988,Avril Lavigne,12400000,6202090191.0,Music,Avril Lavigne,205,United States,US,Music,999.0,176.0,150.0,50188000.0,12500.0,200800.0,150600.0,2400000.0,,2005.0,Oct,8.0,88.2,328239523.0,14.7,270663028.0,37.09024,-95.712891,1275300.0,0.10284677419354839,500.1685637903226,21.0,15+ yrs
989,Caylus,12400000,4779139505.0,Education,Caylus,1340,United States,US,Games,1442.0,175.0,68.0,177600000.0,44400.0,710400.0,532800.0,8500000.0,400000.0,2016.0,Apr,6.0,88.2,328239523.0,14.7,270663028.0,37.09024,-95.712891,4516400.0,0.3642258064516129,385.41447620967745,10.0,7-10 yrs
990,Migos ATL,12400000,6993406259.0,Music,Migos ATL,99,United States,US,Entertainment,833.0,175.0,171.0,49412000.0,12400.0,197600.0,148200.0,2400000.0,100000.0,2012.0,Jan,17.0,88.2,328239523.0,14.7,270663028.0,37.09024,-95.712891,1274100.0,0.10275,563.9843757258064,14.0,11-15 yrs
991,Natan por Aï¿,12300000,9029609749.0,Sports,Natan por Aï¿,1200,Brazil,BR,Entertainment,525.0,55.0,172.0,552513000.0,138100.0,2200000.0,1700000.0,26500000.0,700000.0,2017.0,Feb,12.0,51.3,212559417.0,12.08,183241641.0,-14.235004,-51.92528,14100000.0,1.146341463414634,734.1146137398374,9.0,7-10 yrs
992,Free Fire India Official,12300000,1674409945.0,People & Blogs,Free Fire India Official,1500,India,IN,Games,6141.0,125.0,69.0,64735000.0,16200.0,258900.0,194200.0,3100000.0,300000.0,2018.0,Sep,14.0,28.1,1366417754.0,5.36,471031528.0,20.593684,78.96288,1647100.0,0.13391056910569105,136.13088983739837,8.0,7-10 yrs
993,Panda,12300000,2214684303.0,,HybridPanda,2452,United Kingdom,GB,Games,129005.0,867.0,1202.0,67035.0,17.0,268.0,201.0,3200.0,1000.0,2006.0,Sep,11.0,60.0,66834405.0,3.85,55908316.0,55.378051,-3.435973,1700.5,0.0001382520325203252,180.0556343902439,20.0,15+ yrs
994,RobTopGames,12300000,374123483.0,Gaming,RobTopGames,39,Sweden,SE,Games,35112.0,4.0,69.0,3871000.0,968.0,15500.0,11600.0,185800.0,100000.0,2012.0,May,9.0,67.0,10285453.0,6.48,9021165.0,60.128161,18.643501,98700.0,0.00802439024390244,30.416543333333333,14.0,11-15 yrs
995,Make Joke Of,12300000,2129773714.0,Comedy,Make Joke Of,62,India,IN,Comedy,4568.0,125.0,44.0,24000000.0,6000.0,96000.0,72000.0,1200000.0,100000.0,2017.0,Aug,1.0,28.1,1366417754.0,5.36,471031528.0,20.593684,78.96288,636000.0,0.05170731707317073,173.15233447154472,9.0,7-10 yrs
